ags,municipality,airport,conveyance_capacity_inland_pkm,transport_capacity_inland_tkm,flight_kilometer_inland_km,flight_kilometer_share_inland,eev_kerosene_inland_mwh,eev_petrol_inland_mwh,ghg_inland_tco2e,conveyance_capacity_overseas_pkm,transport_capacity_overseas_tkm,flight_kilometer_overseas_km,flight_kilometer_share_overseas,eev_kerosene_overseas_mwh,ghg_overseas_tco2e,sum_ghg_tco2e
DG000000,Deutschland,Deutschland,10289000000,50440000,109258182,1.971329269,8174722,108056,2183080.877,2.37638E+11,12625222000,1461841787,1,113353056,29893649.29,32076730.17
01000000,Schleswig-Holstein,Schleswig-Holstein,2455376.17,292.3066869,183130.8409,0.058461337,13701.89112,181.1158284,3659.125838,0,0,0,0,0,0,3659.125838
01001000,Flensburg,Flensburg,126520.6598,15.06198331,9436.368691,0.003012397,706.0312493,9.332539097,188.5474906,0,0,0,0,0,0,188.5474906
01002000,Kiel,Kiel,146939.7812,17.4928311,10959.30066,0.003498566,819.9773656,10.83871405,218.9770988,0,0,0,0,0,0,218.9770988
01003000,Lübeck,Lübeck,229302.4681,27.29791287,17102.20793,0.005459583,1279.591083,16.91403011,341.7181433,0,0,0,0,0,0,341.7181433
01004000,Neumünster,Neumünster,53579.32954,6.378491611,3996.140303,0.001275698,298.9921254,3.952170251,79.84662859,0,0,0,0,0,0,79.84662859
01051084,Oesterdeichstrich,Heide-Büsum,113074.826,13.4612888,8433.529743,0.002692258,630.9986114,8.340734517,168.5098285,0,0,0,0,0,0,168.5098285
01051097,Sankt Michaelisdonn,St. Michaelisdonn,366524.157,43.63382822,27336.6981,0.008726766,2045.337962,27.03590885,546.212849,0,0,0,0,0,0,546.212849
01053086,Lüchow,Lüchow-Rehbeck,38501.44968,4.583505914,2871.577456,0.000916701,214.8520776,2.839981115,57.37680892,0,0,0,0,0,0,57.37680892
01053117,Seedorf,Seedorf,3115.724251,0.370919554,232.3819906,7.41839E-05,17.38687333,0.229825061,4.64320997,0,0,0,0,0,0,4.64320997
01054056,Husum,Husum-Schwesing,64280.35866,7.65242365,4794.261783,0.001530485,358.7077558,4.741509896,95.79384379,0,0,0,0,0,0,95.79384379
01054076,Leck,Leck,25686.1791,3.057878464,1915.768196,0.000611576,143.3382117,1.89468875,38.2788441,0,0,0,0,0,0,38.2788441
01054113,Sankt Peter-Ording,St. Peter-Ording,52448.0249,6.243812488,3911.763509,0.001248762,292.6790345,3.868721866,78.16070116,0,0,0,0,0,0,78.16070116
01054164,Wyk auf Föhr,Wyk auf Föhr,56954.69748,6.780321128,4247.887459,0.001356064,317.8279048,4.201147401,84.87677273,0,0,0,0,0,0,84.87677273
01054168,Sylt,Sylt-Westerland,139614.12,16.62072857,10412.92634,0.003324146,779.0975146,10.29835156,208.0600277,0,0,0,0,0,0,208.0600277
01055018,Grube,Grube,75853.04874,9.03012485,5657.394891,0.001806025,423.287571,5.595145838,113.0400522,0,0,0,0,0,0,113.0400522
01055039,Sierksdorf,Sierksdorf/Hof Altona,22514.81691,2.680335347,1679.236527,0.000536067,125.6408585,1.660759669,33.55271966,0,0,0,0,0,0,33.55271966
01056024,Heist,Uetersen,429543.3892,51.13611776,32036.9005,0.010227224,2397.008174,31.68439432,640.1272983,0,0,0,0,0,0,640.1272983
01056025,Helgoland,Helgoland,85738.05484,10.20691129,6394.65442,0.002041382,478.4494966,6.324293205,127.7711886,0,0,0,0,0,0,127.7711886
01056048,Tornesch,Ahrenlohe,30897.59883,3.678285574,2304.45474,0.000735657,172.4198272,2.279098525,46.04516554,0,0,0,0,0,0,46.04516554
01058075,Hörsten,Rendsburg-Schachtholm,88186.1239,10.49834808,6577.24027,0.00209967,492.1106113,6.504870039,131.419425,0,0,0,0,0,0,131.419425
01059053,Kropp,Schleswig-Kropp,76279.60622,9.080905503,5689.209092,0.001816181,425.6679168,5.626609983,113.6757298,0,0,0,0,0,0,113.6757298
01060031,Hagen,Hagen Hof Wahl,5359.787551,0.638069947,399.7523529,0.000127614,29.90956187,0.395353826,7.987426675,0,0,0,0,0,0,7.987426675
01060036,Hasenmoor,Hartenholm,13037.82231,1.552121704,972.4079727,0.000310424,72.75578544,0.961708441,19.42962267,0,0,0,0,0,0,19.42962267
01060092,Wahlstedt,Wahlstedt,35905.0128,4.274406286,2677.925797,0.000854881,200.3630165,2.648460231,53.50746727,0,0,0,0,0,0,53.50746727
01061042,Hohenlockstedt,Itzehoe Hungriger Wolf,175519.1328,20.89513486,13090.85214,0.004179027,979.4605311,12.94681179,261.567495,0,0,0,0,0,0,261.567495
02000000,Hamburg,Hamburg,1262219102,662026.0836,10970820.43,0.10547904,820839.2773,10850.10707,219207.2745,9307000000,60439000,62653742,0.042859455,4858250.18,1281225.511,1500432.785
03000000,Niedersachsen,Niedersachsen,224787977.1,1683689.045,2985702.278,0.16118493,223390.9228,2952.850207,59657.12983,4855000000,3842000,34245258,0.023426104,2655420.499,700291.7427,759948.8726
03101000,Braunschweig,Braunschweig,286850.6369,34.14888534,21394.35862,0.006829777,1600.730773,21.15895371,427.4793369,0,0,0,0,0,0,427.4793369
03102001,Salzgitter,Salzgitter-Schäferstuhl,379803.077,45.21465203,28327.08801,0.00904293,2119.439161,28.01540137,566.0017677,0,0,0,0,0,0,566.0017677
03155001,Bad Gandersheim,Bad Gandersheim,40652.78309,4.839617034,3032.031687,0.000967923,226.8572997,2.998669848,60.58283485,0,0,0,0,0,0,60.58283485
03155011,Northeim,Northeim,43527.40963,5.18183448,3246.431738,0.001036367,242.8987602,3.210710827,64.86674881,0,0,0,0,0,0,64.86674881
03158031,Uehrde,Uehrde,5508.155373,0.655732782,410.818162,0.000131147,30.73750822,0.406297876,8.208531911,0,0,0,0,0,0,8.208531911
03241011,Langenhagen,Hannover,219139131.9,1683016.563,2564390.962,0.026688617,191868.3144,2536.174635,51238.93488,4855000000,3842000,34245258,0.023426104,2655420.499,700291.7427,751530.6776
03251012,Diepholz,Diepholz-Dümmerland,59068.93893,7.032016539,4405.575239,0.001406403,329.6261403,4.357100121,88.02752235,0,0,0,0,0,0,88.02752235
03251025,Marl,Marl-Loemühle,289094.7002,34.41603574,21561.72899,0.006883207,1613.253461,21.32448248,430.8235536,0,0,0,0,0,0,430.8235536
03252003,Bad Pyrmont,Hameln-Pyrmont,44287.79472,5.272356514,3303.14401,0.001054471,247.1419852,3.266799086,65.99991315,0,0,0,0,0,0,65.99991315
03254021,Hildesheim,Hildesheim,458493.6604,54.58257862,34196.1165,0.010916516,2558.561206,33.81985218,683.2704576,0,0,0,0,0,0,683.2704576
03256001,Balge,Nienburg-Holzbalge,43879.78321,5.223783715,3272.713035,0.001044757,244.8651328,3.236702947,65.39187374,0,0,0,0,0,0,65.39187374
03257031,Rinteln,Rinteln,41413.16817,4.930139068,3088.743959,0.000986028,231.1005247,3.054758107,61.71599919,0,0,0,0,0,0,61.71599919
03351006,Celle,Celle-Arloh,78060.02008,9.292859534,5821.998801,0.001858572,435.603273,5.75793859,116.3289926,0,0,0,0,0,0,116.3289926
03352061,Wurster Nordseeküste,Nordholz-Spieka,131361.16,15.63823333,9797.390712,0.003127647,733.0429989,9.689588746,195.7610489,0,0,0,0,0,0,195.7610489
03355022,Lüneburg,Lüneburg,69807.06001,8.310364287,5206.463171,0.001662073,389.5487573,5.149175779,104.0300139,0,0,0,0,0,0,104.0300139
03356011,Worpswede,Hüttenbusch,32121.63335,3.824003971,2395.747665,0.000764801,179.2503846,2.369386942,47.86928374,0,0,0,0,0,0,47.86928374
03357016,Gnarrenburg,Karlshöfen,55823.39284,6.645642004,4163.510665,0.001329128,311.5148139,4.117699015,83.1908453,0,0,0,0,0,0,83.1908453
03357022,Hellwege,Weser-Wümme,86924.99742,10.34821398,6483.180893,0.002069643,485.0730674,6.41184561,129.5400305,0,0,0,0,0,0,129.5400305
03357033,Lauenbrück,Lauenbrück,7640.942807,0.909636048,569.8891675,0.000181927,42.63923699,0.563618603,11.38691969,0,0,0,0,0,0,11.38691969
03357039,Rotenburg (Wümme),Rotenburg (Wümme),145604.4708,17.33386557,10859.70838,0.003466773,812.5258485,10.7402176,216.9871516,0,0,0,0,0,0,216.9871516
03358014,Hodenhagen,Hodenhagen,95419.0552,11.35941133,7116.698463,0.002271882,532.4729958,7.038392503,142.1983053,0,0,0,0,0,0,142.1983053
03359038,Stade,Stade ,81787.7616,9.736638285,6100.027254,0.001947328,456.405425,6.03290786,121.8842617,0,0,0,0,0,0,121.8842617
03360009,Gerdau,Uelzen,88278.85379,10.50938736,6584.156401,0.002101877,492.6280778,6.511710071,131.5576158,0,0,0,0,0,0,131.5576158
03361012,Verden (Aller),Verden-Scharnhorst,71216.55432,8.478161228,5311.588357,0.001695632,397.4142476,5.253144259,106.1305136,0,0,0,0,0,0,106.1305136
03402000,Emden,Emden,139873.7637,16.65163854,10432.29151,0.003330328,780.5464207,10.31750365,208.4469619,0,0,0,0,0,0,208.4469619
03404000,Osnabrück,Osnabrück-Atterheide,153727.609,18.30090584,11465.56143,0.003660181,857.8559111,11.33940436,229.0926633,0,0,0,0,0,0,229.0926633
03451007,Westerstede,Westerstede-Felde,52262.56512,6.221733943,3897.931247,0.001244347,291.6441015,3.855041802,77.88431962,0,0,0,0,0,0,77.88431962
03451008,Wiefelstede,Wiefelstede/Conneforde,29154.27692,3.470747253,2174.431484,0.000694149,162.6914576,2.150505931,43.44717901,0,0,0,0,0,0,43.44717901
03452002,Baltrum,Baltrum,26594.932,3.166063334,1983.546277,0.000633213,148.4093831,1.961721059,39.63311367,0,0,0,0,0,0,39.63311367
03452013,Juist,Juist,290318.7347,34.56175413,21653.02191,0.006912351,1620.084019,21.41477089,432.6476719,0,0,0,0,0,0,432.6476719
03452019,Norden,Norden-Norddeich,162258.7588,19.3165189,12101.84545,0.003863304,905.4628262,11.96868727,241.8062145,0,0,0,0,0,0,241.8062145
03452020,Norderney,Norderney,117655.6824,14.00662886,8775.186598,0.002801326,656.5614549,8.678632078,175.3364527,0,0,0,0,0,0,175.3364527
03453001,Barßel,Barßel,12203.25332,1.452768252,910.1627966,0.000290554,68.09858722,0.900148157,18.18590572,0,0,0,0,0,0,18.18590572
03453004,Cloppenburg,Cloppenburg-Varrelbusch,72996.96817,8.690115259,5444.378066,0.001738023,407.3496038,5.384472865,108.7837764,0,0,0,0,0,0,108.7837764
03454035,Meppen,Meppen (WTD91),612.0172637,0.072859198,45.64646244,1.45718E-05,3.415278691,0.045144208,0.912059101,0,0,0,0,0,0,0.912059101
03455014,Sande,Wilhelmshaven / JadeWeserAirport,214706.7837,25.56033139,16013.60896,0.005112066,1198.141861,15.83740914,319.9669156,0,0,0,0,0,0,319.9669156
03455021,Wangerooge,Wangerooge,214836.6055,25.57578637,16023.29154,0.005115157,1198.866314,15.84698518,320.1603827,0,0,0,0,0,0,320.1603827
03456015,Nordhorn,Nordhorn-Lingen,167896.736,19.98770667,12522.3462,0.003997541,936.9247874,12.38456119,250.2082134,0,0,0,0,0,0,250.2082134
03457002,Borkum,Borkum,100315.1933,11.94228492,7481.870162,0.002388457,559.7952254,7.399546171,149.4947781,0,0,0,0,0,0,149.4947781
03457013,Leer (Ostfriesland),Leer-Papenburg,178523.5812,21.25280729,13314.93477,0.004250561,996.2264447,13.16842881,266.044876,0,0,0,0,0,0,266.044876
03458005,Ganderkesee,Ganderkesee,196698.6393,23.41650468,14670.49638,0.004683301,1097.649872,14.509075,293.1302675,0,0,0,0,0,0,293.1302675
03458007,Großenkneten,Ahlhorn,797.4770405,0.094937743,59.47872379,1.89875E-05,4.450211627,0.058824272,1.188440647,0,0,0,0,0,0,1.188440647
03458009,Hatten,Oldenburg-Hatten,69157.95079,8.23308938,5158.050256,0.001646618,385.926492,5.101295558,103.0626784,0,0,0,0,0,0,103.0626784
03459013,Bohmte,Bohmte-Bad Essen,87889.38826,10.46302241,6555.108652,0.002092604,490.4547186,6.482981938,130.9772146,0,0,0,0,0,0,130.9772146
03459014,Bramsche,Achmer,82140.13517,9.778587521,6126.30855,0.001955718,458.3717976,6.05889998,122.4093867,0,0,0,0,0,0,122.4093867
03459024,Melle,Melle-Grönegau,78542.2155,9.35026375,5857.96268,0.001870053,438.2940986,5.793506754,117.0475847,0,0,0,0,0,0,117.0475847
03460002,Damme,Damme,288946.3324,34.3983729,21550.66318,0.006879675,1612.425515,21.31353843,430.6024484,0,0,0,0,0,0,430.6024484
03462001,Blomberg,Blomberg-Borkhausen,29933.20799,3.563477141,2232.526981,0.000712695,167.038176,2.207962196,44.6079815,0,0,0,0,0,0,44.6079815
03462007,Langeoog,Langeoog,64614.18626,7.692165031,4819.159853,0.001538433,360.5706351,4.76613401,96.29133057,0,0,0,0,0,0,96.29133057
03462019,Wittmund,Wittmundhafen,179562.156,21.37644714,13392.39544,0.004275289,1002.022069,13.24503717,267.5926127,0,0,0,0,0,0,267.5926127
04011000,Bremen,Bremen,206069028.1,44008.21763,2611419.368,0.025497768,195386.9904,2582.68558,52178.60649,1339000000,186000,10281448,0.007033215,797236.446,210248.4711,262427.0776
0500000,Nordrhein-Westfalen,Nordrhein-Westfalen,1775573936,10019901.66,20513743.57,0.362916327,1534842.955,20288.02818,409883.8228,33331000000,1518447000,243107703,0.166302335,18850877.92,4971383.688,5381267.511
05111000,Düsseldorf,Düsseldorf,885063482.9,128007.5575,9366476.783,0.087196082,700801.9209,9263.41622,187150.9848,20563000000,226935000,131224870,0.089766807,10175341.94,2683457.456,2870608.44
05114000,Krefeld,Krefeld-Egelsberg,104710.59,12.46554643,7809.694756,0.002493109,584.323136,7.723763668,156.0450208,0,0,0,0,0,0,156.0450208
05116000,Mönchengladbach,Mönchengladbach,394380.2155,46.95002566,29414.30375,0.009390005,2200.78489,29.09065434,587.7253572,0,0,0,0,0,0,587.7253572
05117000,Mülheim an der Ruhr,Essen/Mülheim,540707.9795,64.36999755,40327.95796,0.012874,3017.346976,39.88422418,805.7903969,0,0,0,0,0,0,805.7903969
05154016,Goch,Goch-Asperden,107028.8372,12.74152824,7982.598023,0.002548306,597.2597977,7.894764458,159.4997901,0,0,0,0,0,0,159.4997901
05154064,Weeze,Niederrhein,4050797.433,6.047313439,68647.65638,0.001803093,5136.233247,67.89231728,1371.644514,1369000000,0,8509463,0.005821056,659834.4941,174012.6085,175384.253
05166008,Grefrath,Grefrath-Niershorst,187407.1045,22.31036959,13977.50009,0.004462074,1045.799732,13.82370384,279.2835521,0,0,0,0,0,0,279.2835521
05170016,Hünxe,Schwarzheide,479765.8968,57.11498771,35782.67688,0.011422998,2677.268014,35.38895543,714.9714209,0,0,0,0,0,0,714.9714209
05170020,Kamp-Lintfort,Kamp-Lintfort,48293.7259,5.749253083,3601.920855,0.001149851,269.4965367,3.562288451,71.96975454,0,0,0,0,0,0,71.96975454
05170048,Wesel,Wesel-Römerwardt,48442.09372,5.766915919,3612.986664,0.001153383,270.324483,3.573232501,72.19085977,0,0,0,0,0,0,72.19085977
05315000,Köln,Leverkusen-Kurtekotten,717286628.1,9890034.122,7338858.76,0.073798693,549095.0798,7258.108342,146637.2763,8851000000,1291404000,85302633,0.058352849,6614473.756,1744379.602,1891016.878
05334036,Würselen,Aachen-Merzbrück,441320.085,52.53810536,32915.2491,0.010507621,2462.726416,32.55307833,657.6775265,0,0,0,0,0,0,657.6775265
05358052,Nörvenich,Nörvenich,81806.30758,9.73884614,6101.41048,0.001947769,456.5089183,6.034275866,121.9118999,0,0,0,0,0,0,121.9118999
05366012,Dahlem (NRW),Dahlemer Binz,181657.8514,21.6259347,13548.69999,0.004325187,1013.716811,13.39962188,270.7157241,0,0,0,0,0,0,270.7157241
05374004,Bergneustadt,Bergneustadt Auf d. Dümpel,98052.58403,11.67292667,7313.116574,0.002334585,547.1690435,7.2326494,146.1229233,0,0,0,0,0,0,146.1229233
05374052,Wipperfürth,Wipperfürth-Neye,80007.34774,9.524684255,5967.237545,0.001904937,446.4700688,5.901579253,119.2309989,0,0,0,0,0,0,119.2309989
05382056,Sankt Augustin,Bonn/Hangelar,729839.8599,86.88569761,54434.09808,0.01737714,4072.771585,53.83515261,1087.644297,0,0,0,0,0,0,1087.644297
05554012,Borken,Borken-Hoxfeld,96865.64146,11.53162398,7224.590101,0.002306325,540.5454728,7.145096996,144.3540814,0,0,0,0,0,0,144.3540814
05554056,Stadtlohn,Stadtlohn-Wenningfeld,360793.4499,42.95160118,26909.28122,0.00859032,2013.358535,26.6131949,537.6726593,0,0,0,0,0,0,537.6726593
05558024,Lüdinghausen,Borkenberge,254302.446,30.27410072,18966.79676,0.00605482,1419.100043,18.75810262,378.9743757,0,0,0,0,0,0,378.9743757
05566012,Greven,Münster/Osnabrück,79343360.23,1040.876218,1514997.049,0.021807065,113352.4234,1498.327339,30271.06095,691000000,5000,5437841,0.003719856,421657.0499,111200.0719,141471.1328
05566076,Rheine,Rheine-Eschendorf,79840.43394,9.504813564,5954.78851,0.001900963,445.5386292,5.889267196,118.9822555,0,0,0,0,0,0,118.9822555
05570004,Ahlen,Ahlen-Nord,14373.13271,1.711087227,1072.000254,0.000342217,80.20730258,1.060204896,21.4195698,0,0,0,0,0,0,21.4195698
05570028,Oelde,Oelde-Bergeler,6435.454257,0.766125507,479.9794687,0.000153225,35.9121729,0.474698192,9.590439641,0,0,0,0,0,0,9.590439641
05570044,Telgte,Münster-Telgte,358697.7544,42.70211362,26752.97667,0.008540423,2001.663793,26.45861018,534.5495478,0,0,0,0,0,0,534.5495478
05711000,Bielefeld,Bielefeld,158753.569,18.8992344,11840.41571,0.003779847,885.9025937,11.71013408,236.5826032,0,0,0,0,0,0,236.5826032
05762020,Höxter,Höxter-Holzminden,59087.48491,7.034224394,4406.958465,0.001406845,329.7296336,4.358468127,88.0551605,0,0,0,0,0,0,88.0551605
05766020,Detmold,Detmold,40448.77733,4.815330635,3016.8162,0.000963066,225.7188735,2.983621778,60.27881515,0,0,0,0,0,0,60.27881515
05766056,Oerlinghausen,Oerlinghausen ,468582.6722,55.78365146,34948.59152,0.01115673,2614.861557,34.56404762,698.3056137,0,0,0,0,0,0,698.3056137
05770032,Porta Westfalica,Porta Westfalica,158271.3736,18.84183019,11804.45183,0.003768366,883.211768,11.67456591,235.8640112,0,0,0,0,0,0,235.8640112
05774016,Büren,Paderborn/Lippstadt,32166283.24,19.79562333,988990.0055,0.012897476,73996.45691,978.1080197,19760.94723,631000000,103000,4466000,0.00305505,346299.273,91326.59836,111087.5456
05774032,Paderborn,Paderborn-Haxterberg,102614.8945,12.21605887,7653.390203,0.002443212,572.6283938,7.569178954,152.9219093,0,0,0,0,0,0,152.9219093
05913000,Dortmund,Dortmund,51075426.49,8.979344197,744419.5807,0.008557779,55697.64215,736.2286351,14874.20092,1226000000,0,8166896,0.005586717,633271.4168,167007.3513,181881.5522
05915000,Hamm,Hamm-Lippewiesen,194139.2944,23.11182076,14479.61118,0.004622364,1083.367798,14.32029013,289.3162022,0,0,0,0,0,0,289.3162022
05958004,Arnsberg,Arnsberg-Menden,103931.659,12.37281654,7751.599259,0.002474563,579.9764176,7.666307403,154.8842183,0,0,0,0,0,0,154.8842183
05958012,Brilon,Brilon/Hochsauerland,20363.4835,2.424224226,1518.782296,0.000484845,113.6356364,1.502070937,30.34669373,0,0,0,0,0,0,30.34669373
05958032,Meschede,Meschede-Schüren,77058.53729,9.173635391,5747.304589,0.001834727,430.0146351,5.684066249,114.8365323,0,0,0,0,0,0,114.8365323
05958040,Schmallenberg,Schmallenberg-Rennefeld,43490.31767,5.177418771,3243.665286,0.001035484,242.6917736,3.207974814,64.8114725,0,0,0,0,0,0,64.8114725
05962020,Herscheid,Plettenberg-Hüinghausen,26706.20787,3.179310461,1991.845634,0.000635862,149.0303429,1.969929097,39.7989426,0,0,0,0,0,0,39.7989426
05962024,Iserlohn,Iserlohn-Sümmern,90930.9286,10.82511055,6781.957738,0.002165022,507.4276188,6.707334974,135.5098719,0,0,0,0,0,0,135.5098719
05962048,Neuenrade,Werdohl-Küntrop,37518.51286,4.466489626,2798.26647,0.000893298,209.3669331,2.76747678,55.91198672,0,0,0,0,0,0,55.91198672
05966012,Finnentrop,Attendorn-Finnentrop,18749.98344,2.232140886,1398.441622,0.000446428,104.6317199,1.383054387,27.94217428,0,0,0,0,0,0,27.94217428
05966028,Wenden,Hünsborn,47477.70288,5.652107485,3541.058905,0.001130421,264.9428318,3.502096173,70.75367573,0,0,0,0,0,0,70.75367573
05970008,Burbach,Siegerland,212611.0882,25.31084383,15857.30441,0.005062169,1186.447118,15.68282442,316.8438041,0,0,0,0,0,0,316.8438041
05970012,Erndtebrück,Schameder,32492.55291,3.86816106,2423.412188,0.000773632,181.3202505,2.396747068,48.42204683,0,0,0,0,0,0,48.42204683
06000000,Hessen,Hessen,1317509846,5159298.791,12123403.38,0.169005976,907075.795,11990.00799,242236.962,1.08804E+11,7326983000,553755026,0.378806401,42938863.17,11323905.7,11566142.66
05974008,Bad Sassendorf,Soest-Bad Sassendorf,112685.3604,13.41492386,8404.481994,0.002682985,628.8252522,8.312006385,167.9294273,0,0,0,0,0,0,167.9294273
06412000,Frankfurt am Main,Frankfurt/Main,1315006992,5159000.832,11936731.48,0.109414217,893108.961,11805.39007,238507.0825,1.08804E+11,7326983000,553755026,0.378806401,42938863.17,11323905.7,11562412.78
06431011,Heppenheim (Bergstraße),Heppenheim,60904.99072,7.250594134,4542.514626,0.001450119,339.8719764,4.492532746,90.76369965,0,0,0,0,0,0,90.76369965
06432002,Babenhausen,Babenhausen,57325.61703,6.824478218,4275.551982,0.001364896,319.8977707,4.228507527,85.42953582,0,0,0,0,0,0,85.42953582
06434002,Friedrichsdorf,Burgholzhausen,5211.41973,0.620407111,388.6865438,0.000124081,29.08161552,0.384409775,7.766321438,0,0,0,0,0,0,7.766321438
06434007,Neu-Anspach,Anspach/Ts.,97663.1185,11.62656173,7284.068825,0.002325312,544.9956844,7.203921267,145.542522,0,0,0,0,0,0,145.542522
06435010,Gelnhausen,Gelnhausen,181398.2078,21.59502473,13529.33482,0.004319005,1012.267905,13.38046979,270.32879,0,0,0,0,0,0,270.32879
06437011,Michelstadt,Michelstadt,45567.46718,5.424698473,3398.586613,0.00108494,254.2830225,3.361191522,67.90694581,0,0,0,0,0,0,67.90694581
06438003,Egelsbach,Egelsbach,655192.2997,77.9990833,48866.61288,0.015599817,3656.211078,48.32892718,976.4007251,0,0,0,0,0,0,976.4007251
06440017,Niddatal,Niddatal-Bönstadt,6324.178391,0.75287838,471.6801119,0.000150576,35.29121314,0.466490154,9.424610713,0,0,0,0,0,0,9.424610713
06440018,Ober-Mörlen,Ober-Mörlen,83401.26166,9.928721626,6220.367927,0.001985744,465.4093416,6.151924409,124.2887812,0,0,0,0,0,0,124.2887812
06440021,Reichelsheim (Wetterau),Reichelsheim,263909.2625,31.41776934,19683.3079,0.006283554,1472.709569,19.4667299,393.2909397,0,0,0,0,0,0,393.2909397
06531005,Gießen,Giessen-Lützellinden,153282.5056,18.24791733,11432.364,0.003649583,855.372072,11.30657221,228.4293476,0,0,0,0,0,0,228.4293476
06532004,Breitscheid,Breitscheid,92321.87692,10.99069963,6885.699698,0.00219814,515.1896158,6.809935448,137.5827335,0,0,0,0,0,0,137.5827335
06532009,Eschenburg,Hirzenhain Sonderlandeplatz,24925.79401,2.96735643,1859.055925,0.000593471,139.0949867,1.838600491,37.14567976,0,0,0,0,0,0,37.14567976
06533006,Elz,Elz,69807.06001,8.310364287,5206.463171,0.001662073,389.5487573,5.149175779,104.0300139,0,0,0,0,0,0,104.0300139
06533008,Hünfelden,Dauborn,6361.270346,0.757294089,474.4465642,0.000151459,35.49819972,0.469226167,9.479887022,0,0,0,0,0,0,9.479887022
06534003,Bad Endbach,Bottenhorn,13445.83382,1.600694503,1002.838948,0.000320139,75.0326379,0.99180458,20.03766207,0,0,0,0,0,0,20.03766207
06534006,Cölbe,Marburg-Schönstadt,98887.15302,11.77228012,7375.36175,0.002354456,551.8262418,7.294209684,147.3666402,0,0,0,0,0,0,147.3666402
06535011,Lauterbach (Hessen),Lauterbach,7474.029008,0.889765358,557.4401323,0.000177953,41.70779734,0.551306546,11.1381763,0,0,0,0,0,0,11.1381763
06631014,Hosenfeld,Fulda-Jossa,15356.06952,1.828103515,1145.311239,0.000365621,85.69244715,1.132709231,22.884392,0,0,0,0,0,0,22.884392
06632002,Bad Hersfeld,Bad Hersfeld-Johannesberg,7566.758896,0.90080463,564.3562629,0.000180161,42.22526381,0.558146578,11.27636707,0,0,0,0,0,0,11.27636707
06632014,Neuenstein,Obersöllbach,3635.011627,0.432739479,271.1123224,8.65479E-05,20.28468556,0.268129238,5.417078298,0,0,0,0,0,0,5.417078298
06633005,Calden,Kassel-Calden,286906.2748,34.15550891,21398.5083,0.006831102,1601.041253,21.16305773,427.5622514,0,0,0,0,0,0,427.5622514
06633025,Trendelburg,Hölleberg,10330.10957,1.229774949,770.456957,0.000245955,57.64576457,0.761979519,15.3944521,0,0,0,0,0,0,15.3944521
06633028,Wolfhagen,Granerberg b. Wolfhagen,18304.87998,2.179152378,1365.244195,0.00043583,102.1478808,1.350222235,27.27885857,0,0,0,0,0,0,27.27885857
06635001,Allendorf (Eder),Allendorf/Eder,69825.60599,8.312572142,5207.846397,0.001662514,389.6522506,5.150543785,104.057652,0,0,0,0,0,0,104.057652
06635002,Bad Arolsen,Mengeringhausen,17451.765,2.077591072,1301.615793,0.000415518,97.38718933,1.287293945,26.00750346,0,0,0,0,0,0,26.00750346
06635015,Korbach,Korbach,14002.21315,1.666930137,1044.335732,0.000333386,78.13743671,1.03284477,20.86680671,0,0,0,0,0,0,20.86680671
06635016,Lichtenfels,Lichtenfels,23386.47786,2.784104507,1744.248156,0.000556821,130.5050433,1.725055966,34.85171293,0,0,0,0,0,0,34.85171293
07000000,Rheinland-Pfalz,Rheinland-Pfalz,4667838.007,19436.64738,295855.6326,0.087533534,22135.98565,292.6002946,5911.472828,1772000000,554611000,18458286,0.012626733,1431278.778,377459.1294,383370.6022
07131007,Bad Neuenahr-Ahrweiler,Bad Neuenahr-Ahrweiler,107511.0326,12.79893246,8018.561902,0.002559786,599.9506233,7.930332622,160.2183821,0,0,0,0,0,0,160.2183821
07131011,Berg,Berg,13890.93729,1.65368301,1036.036375,0.000330737,77.51647695,1.024636732,20.70097778,0,0,0,0,0,0,20.70097778
07131082,Wershofen,Wershofen,86535.53189,10.30184903,6454.133144,0.00206037,482.8997082,6.383117477,128.9596293,0,0,0,0,0,0,128.9596293
07132063,Kirchen (Sieg),Betzdorf-Kirchen,56268.4963,6.698630512,4196.708092,0.001339726,313.9986529,4.150531167,83.85416101,0,0,0,0,0,0,83.85416101
07133054,Langenlonsheim,Langenlonsheim,45882.7488,5.462232,3422.101457,0.001092446,256.0424085,3.384447629,68.37679444,0,0,0,0,0,0,68.37679444
07133501,Bad Sobernheim,Bad Sobernheim-Domberg,92785.52637,11.045896,6920.280352,0.002209179,517.7769481,6.844135606,138.2736874,0,0,0,0,0,0,138.2736874
07134031,Gollenberg,Stölln/Rhinow,45994.02466,5.475479127,3430.400814,0.001095096,256.6633683,3.392655667,68.54262337,0,0,0,0,0,0,68.54262337
07134042,Hoppstädten-Weiersbach,Hoppstädten-Weiersbach,32844.92648,3.910110296,2449.693484,0.000782022,183.2866231,2.422739188,48.94717177,0,0,0,0,0,0,48.94717177
07134045,Idar-Oberstein,Idar-Oberstein,69881.24392,8.319195705,5211.996075,0.001663839,389.9627305,5.154647804,104.1405665,0,0,0,0,0,0,104.1405665
07137230,Winningen,Koblenz-Winningen,370993.7376,44.16592115,27670.0556,0.008833184,2070.279846,27.36559837,552.8736443,0,0,0,0,0,0,552.8736443
07138009,Dattenberg,Dattenberg,2410.977099,0.287021083,179.8193975,5.74042E-05,13.45412817,0.177840821,3.592960096,0,0,0,0,0,0,3.592960096
07138012,Dierdorf,Dierdorf-Wienau,27967.33435,3.329444566,2085.905011,0.000665889,156.0678868,2.062953527,41.67833711,0,0,0,0,0,0,41.67833711
07140082,Lautzenhausen,Hahn,1020752.949,19002.47059,23842.83004,0.000698176,1783.925961,23.58048428,476.4020907,1772000000,554611000,18458286,0.012626733,1431278.778,377459.1294,377935.5315
07140100,Nannhausen,Nannhausen,11016.31075,1.311465565,821.636324,0.000262293,61.47501643,0.812595753,16.41706382,0,0,0,0,0,0,16.41706382
07141040,Eschbach,Bremgarten,265430.0326,31.59881341,19796.73244,0.006319763,1481.196019,19.57890641,395.5572684,0,0,0,0,0,0,395.5572684
07143200,Ailertchen,Ailertchen,47088.23735,5.605742541,3512.011156,0.001121149,262.7694726,3.47336804,70.17327449,0,0,0,0,0,0,70.17327449
07143243,Hof,Hof-Plauen,53245.50194,6.338750231,3971.242233,0.00126775,297.1292461,3.927546137,79.34914181,0,0,0,0,0,0,79.34914181
07231124,Traben-Trarbach,Traben-Trarbach,51242.53635,6.100301946,3821.85381,0.00122006,285.9519704,3.779801455,76.36422111,0,0,0,0,0,0,76.36422111
07232018,Bitburg,Bitburg,235051.7212,27.98234776,17531.00803,0.00559647,1311.674004,17.33811207,350.2859712,0,0,0,0,0,0,350.2859712
07232022,Burg,Burg,6639.460012,0.790411906,495.1949562,0.000158082,37.05059913,0.489746262,9.894459341,0,0,0,0,0,0,9.894459341
07233010,Boxberg,Unterschüpf,22793.00658,2.713453164,1699.984919,0.000542691,127.1932579,1.681279764,33.96729198,0,0,0,0,0,0,33.96729198
07235026,Föhren,Trier-Föhren,168786.9429,20.09368368,12588.74105,0.004018737,941.8924655,12.45022549,251.5348449,0,0,0,0,0,0,251.5348449
07315000,Mainz,Mainz-Finthen,483679.0981,57.58084501,36074.53759,0.011516169,2699.105098,35.67760476,720.8030715,0,0,0,0,0,0,720.8030715
07316000,Neustadt an der Weinstraße,Lachen-Speyerdorf,108234.3258,12.88503878,8072.507722,0.002577008,603.9868618,7.983684868,161.2962702,0,0,0,0,0,0,161.2962702
07318000,Speyer,Speyer,365467.0363,43.50798051,27257.85421,0.008701596,2039.438845,26.95793249,544.6374742,0,0,0,0,0,0,544.6374742
07319000,Worms,Worms,396346.0891,47.18405823,29560.92572,0.009436812,2211.755179,29.23566301,590.6550016,0,0,0,0,0,0,590.6550016
07332002,Bad Dürkheim,Bad Dürkheim,96401.99201,11.47642762,7190.009448,0.002295286,537.9581404,7.110896838,143.6631275,0,0,0,0,0,0,143.6631275
07333034,Imsweiler,Imsweiler-Donnersberg,6379.816324,0.759501943,475.8297903,0.0001519,35.60169302,0.470594173,9.507525177,0,0,0,0,0,0,9.507525177
07337072,Schweighofen,Schweighofen,60738.07692,7.230723443,4530.065591,0.001446145,338.9405367,4.48022069,90.51495626,0,0,0,0,0,0,90.51495626
07339049,Oppenheim,Oppenheim,62277.39307,7.413975366,4644.87336,0.001482795,347.5304801,4.593765214,92.80892309,0,0,0,0,0,0,92.80892309
07340206,Contwig,Zweibrücken,63501.4276,7.559693762,4736.166285,0.001511939,354.3610375,4.684053631,94.63304129,0,0,0,0,0,0,94.63304129
07340222,Rieschweiler-Mühlbach,Pirmasens,189799.5356,22.59518281,14155.93626,0.004519037,1059.150367,14.00017665,282.848874,0,0,0,0,0,0,282.848874
08000000,Baden-Württemberg,Baden-Württemberg,766426274.9,5572645.985,9839305.219,0.215548394,736179.0519,9731.042062,196598.54,7641000000,25611000,58342533,0.039910292,4523953.597,1193064.281,1389662.821
08111000,Stuttgart,Stuttgart,724148812.9,5572017.716,8302304.007,0.079429518,621180.272,8210.952675,165887.8153,6521000000,24265000,48586431,0.03323645,3767453.142,993558.7706,1159446.586
08115010,Deckenpfronn,Sindelfingen,1075.666706,0.12805556,80.22711581,2.56111E-05,6.002611032,0.079344366,1.603012966,0,0,0,0,0,0,1.603012966
08115054,Grafenau,Elsenthal-Grafenau,3171.362184,0.377543117,236.531669,7.55086E-05,17.69735321,0.23392908,4.726124434,0,0,0,0,0,0,4.726124434
08116033,Kirchheim unter Teck,Nabern/Teck,369880.979,44.03344988,27587.06203,0.00880669,2064.070249,27.28351799,551.215355,0,0,0,0,0,0,551.215355
08117006,Bad Ditzenbach,Bad Ditzenbach,8048.954316,0.958208847,600.3201424,0.000191642,44.91608945,0.593714742,11.99495909,0,0,0,0,0,0,11.99495909
08117015,Donzdorf,Donzdorf-Messelberg,47996.99025,5.713927411,3579.789236,0.001142785,267.840644,3.540400349,71.52754406,0,0,0,0,0,0,71.52754406
08117026,Göppingen,Göppingen-Bezgenriet,2262.609278,0.269358247,168.7535884,5.38716E-05,12.62618183,0.166896771,3.371854859,0,0,0,0,0,0,3.371854859
08119008,Backnang,Backnang-Heiningen,46402.03617,5.524051925,3460.831789,0.00110481,258.9402207,3.422751806,69.15066277,0,0,0,0,0,0,69.15066277
08125078,Oedheim,Oedheim,34476.97252,4.10440149,2571.417384,0.00082088,192.3940329,2.543123744,51.37932937,0,0,0,0,0,0,51.37932937
08126039,Ingelfingen,Ingelfingen-Bühlhof,1409.494304,0.167796941,105.1251862,3.35594E-05,7.865490318,0.10396848,2.100499748,0,0,0,0,0,0,2.100499748
08127076,Schwäbisch Hall,Schwäbisch Hall,287926.3036,34.2769409,21474.58574,0.006855388,1606.733384,21.23829808,429.0823499,0,0,0,0,0,0,429.0823499
08128082,Niederstetten,Niederstetten,64558.54833,7.685541467,4815.010175,0.001537108,360.2601552,4.762029991,96.20841611,0,0,0,0,0,0,96.20841611
08135015,Gerstetten,Gerstetten,36572.668,4.353889047,2727.721938,0.000870778,204.0887751,2.697708458,54.50244084,0,0,0,0,0,0,54.50244084
08135016,Giengen an der Brenz,Giengen/Brenz,54543.72038,6.493300045,4068.068062,0.00129866,304.3737766,4.023306579,81.28381263,0,0,0,0,0,0,81.28381263
08136010,Bopfingen,Bopfingen,21698.79389,2.583189749,1618.374578,0.000516638,121.0871536,1.600567391,32.33664086,0,0,0,0,0,0,32.33664086
08136028,Heubach,Heubach,204487.95,24.34380357,15251.45136,0.004868761,1141.117056,15.08363766,304.7382924,0,0,0,0,0,0,304.7382924
08136045,Neresheim,Aalen-Heidenheim,381843.1346,45.45751602,28479.24289,0.009091503,2130.823423,28.16588207,569.0419647,0,0,0,0,0,0,569.0419647
08215009,Bruchsal,Bruchsal,39540.02443,4.707145765,2949.038119,0.000941429,220.6477021,2.916589469,58.92454557,0,0,0,0,0,0,58.92454557
08216063,Rheinmünster,Karlsruhe/Baden-Baden,13168230.56,20.02744805,605750.2443,0.009434859,45322.3709,599.0850955,12103.45761,861000000,1346000,6864583,0.004695845,532288.4242,140375.9549,152479.4125
08222000,Mannheim,Mannheim,410403.9402,48.85761193,30609.41113,0.009771522,2290.203095,30.2726118,611.6047228,0,0,0,0,0,0,611.6047228
08225058,Mosbach,Mosbach-Lohrbach,177985.7479,21.18877951,13274.82121,0.004237756,993.2251392,13.12875663,265.2433695,0,0,0,0,0,0,265.2433695
08225075,Osterburken,Schlierstadt-Seligenberg,23609.02959,2.810598761,1760.846869,0.00056212,131.7469628,1.741472042,35.18337078,0,0,0,0,0,0,35.18337078
08225109,Walldürn,Walldürn,141839.6373,16.88567111,10578.91348,0.003377134,791.5167099,10.46251232,211.3766063,0,0,0,0,0,0,211.3766063
08226032,Hockenheim,Herrenteich,77355.27293,9.208961063,5769.436208,0.001841792,431.6705278,5.70595435,115.2787428,0,0,0,0,0,0,115.2787428
08226095,Walldorf,Walldorf,62425.76089,7.431638202,4655.939169,0.001486328,348.3584264,4.604709264,93.03002833,0,0,0,0,0,0,93.03002833
08235080,Wildberg,Wächtersberg-Hub,60867.89877,7.246178425,4539.748174,0.001449236,339.6649898,4.489796734,90.70842334,0,0,0,0,0,0,90.70842334
08311000,Freiburg im Breisgau,Freiburg i. Br.,252874.4058,30.10409592,18860.28835,0.006020819,1411.131059,18.65276614,376.8462377,0,0,0,0,0,0,376.8462377
08317026,Ettenheim,Altdorf-Wallburg,62945.04827,7.493458127,4694.669501,0.001498692,351.2562387,4.643013441,93.80389666,0,0,0,0,0,0,93.80389666
08317057,Kehl,Kehl-Sundheim,47867.16841,5.69847243,3570.106654,0.001139694,267.1161909,3.530824305,71.33407698,0,0,0,0,0,0,71.33407698
08317065,Lahr/Schwarzwald,Lahr,105600.7969,12.57152345,7876.089611,0.002514305,589.2908141,7.789427971,157.3716522,0,0,0,0,0,0,157.3716522
08317096,Offenburg,Offenburg,22106.8054,2.631762548,1648.805552,0.000526353,123.364006,1.63066353,32.94468026,0,0,0,0,0,0,32.94468026
08325049,Rottweil,Rottweil-Zepfenhan,30712.13905,3.65620703,2290.622479,0.000731241,171.3848943,2.265418462,45.76878399,0,0,0,0,0,0,45.76878399
08325057,Sulz am Neckar,Sulz am Neckar-Kastell,15615.71321,1.859013478,1164.676405,0.000371803,87.14135326,1.151861319,23.27132616,0,0,0,0,0,0,23.27132616
08325070,Fluorn-Winzeln,Winzeln-Schramberg,155749.1206,18.54156198,11616.33308,0.003708312,869.1366801,11.48851705,232.1052222,0,0,0,0,0,0,232.1052222
08326005,Blumberg,Blumberg,33772.22537,4.02050302,2518.854791,0.000804101,188.4612877,2.491139504,50.3290795,0,0,0,0,0,0,50.3290795
08326012,Donaueschingen,Donaueschingen-Villingen,169343.3223,20.15991932,12630.23784,0.004031984,944.9972644,12.49126568,252.3639895,0,0,0,0,0,0,252.3639895
08326074,Villingen-Schwenningen,Schwenningen a. N.,74740.29008,8.897653581,5574.401323,0.001779531,417.0779734,5.513065459,111.381763,0,0,0,0,0,0,111.381763
08327038,Neuhausen ob Eck,Neuhausen ob Eck/Tuttlingen,40893.8808,4.868319143,3050.013627,0.000973664,228.2027125,3.01645393,60.94213086,0,0,0,0,0,0,60.94213086
08335035,Hilzingen,Binningen,5600.885261,0.666772055,417.7342927,0.000133354,31.25497468,0.413137908,8.346722684,0,0,0,0,0,0,8.346722684
08335043,Konstanz,Konstanz,117544.4066,13.99338174,8766.887241,0.002798676,655.9404952,8.67042404,175.1706238,0,0,0,0,0,0,175.1706238
08336069,Rheinfelden (Baden),Herten-Rheinfelden,24054.13306,2.863587269,1794.044297,0.000572717,134.2308019,1.774304194,35.84668649,0,0,0,0,0,0,35.84668649
08415061,Reutlingen,Reutlingen-Betzingen,74.18391075,0.008831418,5.532904539,1.76628E-06,0.413973175,0.005472025,0.110552618,0,0,0,0,0,0,0.110552618
08416048,Ammerbuch,Poltringen,65152.01961,7.756192811,4859.273411,0.001551239,363.5719406,4.805806193,97.09283705,0,0,0,0,0,0,97.09283705
08417079,Albstadt,Albstadt-Degerfeld,89280.33658,10.6286115,6658.850612,0.002125722,498.2167156,6.585582412,133.0500762,0,0,0,0,0,0,133.0500762
08425020,Blaubeuren,Blaubeuren,48794.46729,5.808865154,3639.26796,0.001161773,272.2908556,3.599224621,72.71598471,0,0,0,0,0,0,72.71598471
08425020,Blaubeuren,Seissen,5378.333529,0.640277801,401.135579,0.000128056,30.01305516,0.396721832,8.015064829,0,0,0,0,0,0,8.015064829
08425020,Blaubeuren,Seissen,54172.80082,6.449142955,4040.403539,0.001289829,302.3039108,3.995946453,80.73104954,0,0,0,0,0,0,80.73104954
08425071,Laichingen,Laichingen,46272.21433,5.508596944,3451.149206,0.001101719,258.2157677,3.413175762,68.95719569,0,0,0,0,0,0,68.95719569
08426078,Moosburg,Moosburg-Kippe,26613.47798,3.168271188,1984.929503,0.000633654,148.5128764,1.963089065,39.66075183,0,0,0,0,0,0,39.66075183
08426117,Tannheim,Tannheim,274777.2054,32.71157207,20493.87841,0.006542314,1533.356639,20.2683816,409.4868983,0,0,0,0,0,0,409.4868983
08426128,Warthausen,Biberach a. d. Riß,76780.34762,9.140517574,5726.556197,0.001828104,428.4622357,5.663546154,114.42196,0,0,0,0,0,0,114.42196
08435016,Friedrichshafen,Friedrichshafen,24195975.35,23.33039836,564802.5506,0.00970173,42258.65515,558.5879546,11285.28432,259000000,0,2891519,0.001977997,224212.0304,59129.55539,70414.8397
08436009,Bad Waldsee,Bad Waldsee-Reute,45511.82924,5.41807491,3394.436934,0.001083615,253.9725426,3.357087503,67.82403135,0,0,0,0,0,0,67.82403135
08436055,Leutkirch im Allgäu,Leutkirch-Unterzeil,150611.8848,17.92998628,11233.17944,0.003585997,840.4690378,11.1095793,224.4494534,0,0,0,0,0,0,224.4494534
08437076,Mengen,Mengen,237666.7041,28.29365524,17726.04292,0.005658731,1326.266558,17.53100096,354.182951,0,0,0,0,0,0,354.182951
08437088,Pfullendorf,Pfullendorf,34402.78861,4.095570072,2565.88448,0.000819114,191.9800597,2.537651719,51.26877675,0,0,0,0,0,0,51.26877675
08437100,Bad Saulgau,Saulgau,37963.61632,4.519478134,2831.463898,0.000903896,211.8507721,2.800308932,56.57530243,0,0,0,0,0,0,56.57530243
09000000,Bayern,Bayern,2378136270,9208849.556,23815908.82,0.383017968,1781911.709,23553.85927,475864.1794,48446000000,1131958000,283616554,0.194013166,21991985.33,5799761.557,6275625.737
09174113,Bergkirchen,Dachau-Gröbenried,67655.7266,8.054253167,5046.008939,0.001610851,377.5435352,4.990487046,100.8239879,0,0,0,0,0,0,100.8239879
09176114,Beilngries,Beilngries,40077.85778,4.771173545,2989.151677,0.000954235,223.6490076,2.956261652,59.72605206,0,0,0,0,0,0,59.72605206
09176122,Egweil,Neuburg-Egweil,22106.8054,2.631762548,1648.805552,0.000526353,123.364006,1.63066353,32.94468026,0,0,0,0,0,0,32.94468026
09177117,Erding,Erding,47811.53048,5.691848866,3565.956975,0.00113837,266.805711,3.526720286,71.25116252,0,0,0,0,0,0,71.25116252
09177133,Oberding,München,2248087222,9201010.384,21331040.31,0.197252342,1595993.282,21096.3321,426214.1777,44763000000,1127936000,256918088,0.175749585,19921752.6,5253796.47,5680010.647
09178125,Gammelsdorf,Erding-Gammelsdorf,2614.982854,0.311307483,195.034885,6.22615E-05,14.59255441,0.192888891,3.896979796,0,0,0,0,0,0,3.896979796
09179130,Jesenwang,Jesenwang,350815.7139,41.76377547,26165.10556,0.008352755,1957.679143,25.8772075,522.8033321,0,0,0,0,0,0,522.8033321
09181132,Penzing,Landsberg,1594.954081,0.189875486,118.9574476,3.79751E-05,8.900423254,0.117648543,2.376881294,0,0,0,0,0,0,2.376881294
09183112,Ampfing,Ampfing-Waldkraiburg,92303.33095,10.98849178,6884.316472,0.002197698,515.0861225,6.808567442,137.5550954,0,0,0,0,0,0,137.5550954
09183128,Mühldorf a. Inn,Mühldorf,184198.6504,21.92841076,13738.20197,0.004385682,1027.895393,13.58703874,274.5021513,0,0,0,0,0,0,274.5021513
09184135,Oberschleißheim,Oberschleißheim,107622.3085,12.81217959,8026.861259,0.002562436,600.5715831,7.93854066,160.384211,0,0,0,0,0,0,160.384211
09184136,Ottobrunn,Ottobrunn,20901.31685,2.488252006,1558.895854,0.00049765,116.6369419,1.54174312,31.14820022,0,0,0,0,0,0,31.14820022
09185149,Neuburg a.d. Donau,Neuburg-Zell,25370.89748,3.020344938,1892.253352,0.000604069,141.5788257,1.871432642,37.80899547,0,0,0,0,0,0,37.80899547
09186137,Manching,Ingolstadt-Manching,112536.9926,13.39726102,8393.416185,0.002679452,627.9973059,8.301062334,167.708322,0,0,0,0,0,0,167.708322
09187181,Vogtareuth,Vogtareuth,44807.08209,5.334176439,3341.874341,0.001066835,250.0397975,3.305103263,66.77378147,0,0,0,0,0,0,66.77378147
09188144,Weßling,Oberpfaffenhofen,139706.8499,16.63176785,10419.84247,0.003326354,779.6149811,10.30519159,208.1982185,0,0,0,0,0,0,208.1982185
09189126,Kienberg,Schönberg,27874.60446,3.318405293,2078.98888,0.000663681,155.5504204,2.056113495,41.54014634,0,0,0,0,0,0,41.54014634
09261000,Landshut,Landshut,296550.1832,35.30359324,22117.78589,0.007060719,1654.857766,21.87442102,441.9340918,0,0,0,0,0,0,441.9340918
09271119,Deggendorf,Deggendorf,46884.23159,5.581456142,3496.795668,0.001116291,261.6310464,3.45831997,69.86925479,0,0,0,0,0,0,69.86925479
09274184,Vilsbiburg,Vilsbiburg,10534.11533,1.254061348,785.6724445,0.000250812,58.7841908,0.777027588,15.6984718,0,0,0,0,0,0,15.6984718
09275122,Fürstenzell,Fürstenzell,42859.75443,5.102351718,3196.635597,0.00102047,239.1730016,3.1614626,63.87177524,0,0,0,0,0,0,63.87177524
09275148,Sonnen,Sonnen b. Passau,7937.67845,0.94496172,592.0207856,0.000188992,44.29512968,0.585506704,11.82913016,0,0,0,0,0,0,11.82913016
09275154,Vilshofen an der Donau,Vilshofen,167488.7245,19.93913387,12491.91522,0.003987827,934.647935,12.35446505,249.600174,0,0,0,0,0,0,249.600174
09276113,Arnbruck,Arnbruck ,54970.27786,6.544080698,4099.882263,0.001308816,306.7541224,4.054770725,81.91949019,0,0,0,0,0,0,81.91949019
09277116,Eggenfelden,Eggenfelden,199814.3636,23.78742424,14902.87837,0.004757485,1115.036746,14.73890006,297.7734775,0,0,0,0,0,0,297.7734775
09277128,Kirchdorf a. Inn,Kirchdorf/Inn ,55304.10546,6.583822079,4124.780333,0.001316764,308.6170017,4.079394839,82.41697697,0,0,0,0,0,0,82.41697697
09277138,Pfarrkirchen,Pfarrkirchen,31045.96665,3.69594841,2315.520549,0.00073919,173.2477736,2.290042575,46.26627077,0,0,0,0,0,0,46.26627077
09278117,Atting,Straubing,235645.1925,28.05299911,17575.27127,0.0056106,1314.985789,17.38188827,351.1703921,0,0,0,0,0,0,351.1703921
09279112,Dingolfing,Dingolfing,43137.9441,5.135469536,3217.383989,0.001027094,240.725401,3.181982694,64.28634756,0,0,0,0,0,0,64.28634756
09363000,Weiden i.d. Opf.,Weiden/Opf.,77985.83617,9.284028116,5816.465896,0.001856806,435.1892998,5.752466565,116.21844,0,0,0,0,0,0,116.21844
09373114,Berngau,Dippenricht,278.1896653,0.033117817,20.74839202,6.62356E-06,1.552399405,0.020520095,0.414572319,0,0,0,0,0,0,0.414572319
09373147,Neumarkt i.d. Opf.,Neumarkt/Opf.,20289.29959,2.415392808,1513.249391,0.000483079,113.2216633,1.496598911,30.23614111,0,0,0,0,0,0,30.23614111
09373167,Velburg,Günching,14910.96606,1.775115007,1112.113812,0.000355023,83.2086081,1.099877079,22.22107629,0,0,0,0,0,0,22.22107629
09375183,Pfatter,Griesau,3004.448385,0.357672427,224.0826338,7.15345E-05,16.76591357,0.221617023,4.477381043,0,0,0,0,0,0,4.477381043
09375190,Regenstauf,Regensburg-Oberhub,61275.91028,7.294751223,4570.179149,0.00145895,341.9418422,4.519892873,91.31646274,0,0,0,0,0,0,91.31646274
09376159,Schmidgaden,Schmidgaden,33679.49548,4.009463747,2511.938661,0.000801893,187.9438213,2.484299472,50.19088872,0,0,0,0,0,0,50.19088872
09376161,Schwandorf,Schwandorf,60849.35279,7.24397057,4538.364948,0.001448794,339.5614965,4.488428727,90.68078519,0,0,0,0,0,0,90.68078519
09461000,Bamberg,Bamberg-Breitenau,112703.9064,13.41713171,8405.86522,0.002683426,628.9287455,8.313374391,167.9570654,0,0,0,0,0,0,167.9570654
09463000,Coburg,Coburg-Steinrücken,156027.3103,18.57467979,11637.08147,0.003714936,870.6890795,11.50903715,232.5197945,0,0,0,0,0,0,232.5197945
09472119,Bindlach,Bayreuth,100982.8485,12.02176768,7531.666303,0.002404354,563.5209839,7.448794398,150.4897517,0,0,0,0,0,0,150.4897517
09472175,Pegnitz,Pegnitz/Zipserberg,15393.16148,1.832519224,1148.077692,0.000366504,85.89943373,1.135445243,22.9396683,0,0,0,0,0,0,22.9396683
09472190,Speichersdorf,Rosenthal Field-Plössen,53931.70311,6.420440847,4022.4216,0.001284088,300.9584979,3.978162371,80.37175353,0,0,0,0,0,0,80.37175353
09474121,Ebermannstadt,Burg Feuerstein,286646.6311,34.12459894,21379.14314,0.00682492,1599.592347,21.14390564,427.1753172,0,0,0,0,0,0,427.1753172
09474154,Neunkirchen a. Brand,Hetzleser Berg,73831.53717,8.789468711,5506.623242,0.001757894,412.006802,5.44603315,110.0274934,0,0,0,0,0,0,110.0274934
09477128,Kulmbach,Kulmbach,62017.74938,7.383065403,4625.508194,0.001476613,346.081574,4.574613125,92.42198893,0,0,0,0,0,0,92.42198893
09564000,Nürnberg,Nürnberg,123177447.9,7021.124752,1846149.708,0.021000948,138129.3406,1825.836282,36887.80144,2693000000,4001000,20426091,0.013972847,1583864.86,417699.375,454587.1764
09571136,Dinkelsbühl,Dinkelsbühl-Sinnbronn,39521.47845,4.704937911,2947.654893,0.000940988,220.5442088,2.915221462,58.89690742,0,0,0,0,0,0,58.89690742
09571193,Rothenburg ob der Tauber,Rothenburg o. d. T.,148961.2928,17.73348724,11110.07231,0.003546697,831.2581346,10.98782674,221.9896576,0,0,0,0,0,0,221.9896576
09572132,Herzogenaurach,Herzogenaurach,188427.1333,22.43180158,14053.57753,0.00448636,1051.491864,13.89894418,280.8036506,0,0,0,0,0,0,280.8036506
09574155,Schnaittach,Lauf-Lillinghof,47366.42701,5.638860359,3532.759548,0.001127772,264.321872,3.493888135,70.58784681,0,0,0,0,0,0,70.58784681
09575112,Bad Windsheim,Bad Windsheim,16190.63852,1.927456967,1207.556416,0.000385491,90.34964536,1.194269515,24.12810895,0,0,0,0,0,0,24.12810895
09575153,Neustadt a.d. Aisch,Neustadt/A.-Eichelberg,34087.50699,4.058036546,2542.369635,0.000811607,190.2206737,2.514395611,50.79892812,0,0,0,0,0,0,50.79892812
09576117,Büchenbach,Schwabach-Heidenberg,117655.6824,14.00662886,8775.186598,0.002801326,656.5614549,8.678632078,175.3364527,0,0,0,0,0,0,175.3364527
09576148,Thalmässing,Thalmässing,43824.14527,5.217160152,3268.563356,0.001043432,244.5546529,3.232598928,65.30895928,0,0,0,0,0,0,65.30895928
09577136,Gunzenhausen,Gunzenhausen-Reutberg,29506.6505,3.512696488,2200.71278,0.000702539,164.6578302,2.176498051,43.97230394,0,0,0,0,0,0,43.97230394
09577173,Treuchtlingen,Treuchtlingen-Bubenheim,21624.60998,2.574358331,1612.841673,0.000514872,120.6731804,1.595095366,32.22608824,0,0,0,0,0,0,32.22608824
09661000,Aschaffenburg,Aschaffenburg,354005.6221,42.14352644,26403.02046,0.008428705,1975.479989,26.11250459,527.5570947,0,0,0,0,0,0,527.5570947
09663000,Würzburg,Würzburg-Schenkenturm,89892.35385,10.7014707,6704.497075,0.002140294,501.6319943,6.63072662,133.9621353,0,0,0,0,0,0,133.9621353
09672114,Bad Kissingen,Bad Kissingen,62166.11721,7.400728239,4636.574003,0.001480146,346.9095203,4.585557176,92.64309416,0,0,0,0,0,0,92.64309416
09672127,Hammelburg,Lager Hammelburg,44603.07634,5.30989004,3326.658854,0.001061978,248.9013712,3.290055193,66.46976177,0,0,0,0,0,0,66.46976177
09673114,Bad Neustadt a.d. Saale,Bad Neustadt/S.-Grasberg,50982.89266,6.069391983,3802.488644,0.001213878,284.5030643,3.760649367,75.97728695,0,0,0,0,0,0,75.97728695
09674130,Ebern,Ebern-Sendelbach,16580.10405,1.973821911,1236.604164,0.000394764,92.52300453,1.222997648,24.7085102,0,0,0,0,0,0,24.7085102
09674147,Haßfurt,Haßfurt-Schweinfurt,137091.8671,16.32046036,10224.80759,0.003264092,765.0224267,10.1123027,204.3012387,0,0,0,0,0,0,204.3012387
09676139,Miltenberg,Mainbullau,75129.75561,8.944018525,5603.449071,0.001788804,419.2513326,5.541793592,111.9621642,0,0,0,0,0,0,111.9621642
09678135,Gochsheim,Schweinfurt-Süd,58753.65731,6.994483013,4382.060395,0.001398897,327.8667543,4.333844014,87.55767372,0,0,0,0,0,0,87.55767372
09679138,Giebelstadt,Giebelstadt,44102.33494,5.250277969,3289.311748,0.001050056,246.1070523,3.253119023,65.7235316,0,0,0,0,0,0,65.7235316
09679146,Hettstadt,Hettstadt b. Würzburg,35218.81163,4.19271567,2626.74643,0.000838543,196.5337646,2.597843997,52.48485555,0,0,0,0,0,0,52.48485555
09761000,Augsburg,Augsburg,495103.4203,58.94088337,36926.60489,0.011788177,2762.856967,36.52029665,737.8281748,0,0,0,0,0,0,737.8281748
09771155,Petersdorf,Ansbach-Petersdorf,55971.76066,6.66330484,4174.576474,0.001332661,312.3427602,4.128643066,83.41195053,0,0,0,0,0,0,83.41195053
09772200,Schwabmünchen,Schwabmünchen,42451.74292,5.05377892,3166.204622,0.001010756,236.8961492,3.131366461,63.26373584,0,0,0,0,0,0,63.26373584
09774135,Günzburg,Günzburg-Donauried,122774.3723,14.6159967,9156.957011,0.002923199,685.125604,9.056201821,182.9645833,0,0,0,0,0,0,182.9645833
09774185,Thannhausen,Thannhausen,40930.97275,4.872734852,3052.780079,0.000974547,228.4096991,3.019189943,60.99740717,0,0,0,0,0,0,60.99740717
09775129,Illertissen,Illertissen,32103.08738,3.821796116,2394.364439,0.000764359,179.1468913,2.368018935,47.84164558,0,0,0,0,0,0,47.84164558
09775164,Weißenhorn,Weißenhorn,42470.2889,5.055986774,3167.587848,0.001011197,236.9996425,3.132734467,63.291374,0,0,0,0,0,0,63.291374
09776130,Weißensberg,Wildberg b. Lindau,47663.16265,5.67418603,3554.891166,0.001134837,265.9777647,3.515776236,71.03005728,0,0,0,0,0,0,71.03005728
09778116,Bad Wörishofen,Bad Wörishofen-Nord,183920.4607,21.89529294,13717.45358,0.004379059,1026.342993,13.56651865,274.087579,0,0,0,0,0,0,274.087579
09778171,Memmingerberg,Memmingen,68564.47951,8.162438037,131323.787,0.002787641,9825.675581,129.8788143,2623.972346,990000000,21000,6272375,0.004290735,486367.8689,128265.7126,130889.6849
09778204,Tussenhausen,Mindelheim-Mattsies,32956.20235,3.923357422,2457.992841,0.000784671,183.9075828,2.430947226,49.1130007,0,0,0,0,0,0,49.1130007
09779149,Genderkingen,Donauwörth-Genderkingen,183456.8113,21.84009658,13682.87292,0.004368019,1023.755661,13.53231849,273.3966251,0,0,0,0,0,0,273.3966251
09779194,Nördlingen,Nördlingen,35218.81163,4.19271567,2626.74643,0.000838543,196.5337646,2.597843997,52.48485555,0,0,0,0,0,0,52.48485555
09780120,Durach,Kempten-Durach,218341.7953,25.99307087,16284.72128,0.005198614,1218.426546,16.10553837,325.3839939,0,0,0,0,0,0,325.3839939
10000000,Saarland,Saarland,41250741.62,29.85019266,1089098.217,0.015766989,81486.57606,1077.114728,21761.20313,189000000,36000,1367496,0.000935461,106037.3647,27964.34347,49725.5466
10041100,Saarbrücken,Saarbrücken,41045085.27,5.367294257,1073759.623,0.010870409,80338.93892,1061.944906,21454.72363,189000000,36000,1367496,0.000935461,106037.3647,27964.34347,49419.0671
10044121,Wallerfangen,Saarlouis-Düren,139317.3844,16.5854029,10390.79472,0.003317081,777.4416219,10.27646346,207.6178172,0,0,0,0,0,0,207.6178172
10045111,Bexbach,Neunkirchen-Bexbach,66338.96218,7.897495498,4947.799884,0.001579499,370.1955114,4.893358597,98.86167895,0,0,0,0,0,0,98.86167895
11000000,Berlin,Berlin-Tegel,58364.19178,6.948118069,4353.012646,0.001389624,325.6933951,4.305115881,86.97727247,0,0,0,0,0,0,86.97727247
12000000,Brandenburg,Brandenburg,80277928.26,1455271.182,1377120.133,0.065285665,103036.4412,1361.967501,27516.15095,8415000000,3447000,59237642,0.040522608,4593361.478,1211368.638,1238884.789
12051000,Brandenburg an der Havel,Brandenburg-Mühlenfeld,52262.56512,6.221733943,3897.931247,0.001244347,291.6441015,3.855041802,77.88431962,0,0,0,0,0,0,77.88431962
12060052,Eberswalde,Eberswalde Finow,45567.46718,5.424698473,3398.586613,0.00108494,254.2830225,3.361191522,67.90694581,0,0,0,0,0,0,67.90694581
12060280,Werneuchen,Werneuchen,7696.58074,0.916259612,574.0388459,0.000183252,42.94971687,0.567722622,11.46983415,0,0,0,0,0,0,11.46983415
12061217,Heidesee,Friedersdorf,40393.1394,4.808707072,3012.666521,0.000961741,225.4083936,2.979517759,60.19590068,0,0,0,0,0,0,60.19590068
12061433,Schönefeld,Berlin-Schönefeld,78076854.53,1455009.149,1212956.089,0.012879148,90753.65016,1199.609775,24235.99949,8415000000,3447000,59237642,0.040522608,4593361.478,1211368.638,1235604.638
12062140,Finsterwalde,Finsterwalde,21198.0525,2.523577678,1581.027472,0.000504716,118.2928346,1.563631221,31.59041069,0,0,0,0,0,0,31.59041069
12062293,Lichterfeld-Schacksdorf,Finsterwalde-Schacksdorf,4636.494422,0.551963622,345.8065337,0.000110393,25.87332341,0.342001579,6.909538646,0,0,0,0,0,0,6.909538646
12062341,Mühlberg/Elbe,Falkenberg-Lönnewitz,7733.672695,0.920675321,576.8052981,0.000184135,43.15670345,0.570458634,11.52511046,0,0,0,0,0,0,11.52511046
12063228,Paulinenaue,Bienenfarm,85459.86518,10.17379347,6373.906028,0.002034759,476.8970972,6.303773111,127.3566163,0,0,0,0,0,0,127.3566163
12063293,Stechow-Ferchesar,Stechow-Ferchesar,32010.35749,3.810756844,2387.448308,0.000762151,178.6294248,2.361178904,47.70345481,0,0,0,0,0,0,47.70345481
12064317,Müncheberg,Eggersdorf/Müncheberg,75018.47974,8.930771398,5595.149715,0.001786154,418.6303728,5.533585554,111.7963353,0,0,0,0,0,0,111.7963353
12064340,Neuhardenberg,Neuhardenberg,47496.24886,5.65431534,3542.442131,0.001130863,265.046325,3.503464179,70.78131389,0,0,0,0,0,0,70.78131389
12064472,Strausberg,Strausberg,371958.1285,44.28072958,27741.98336,0.008856146,2075.661498,27.4367347,554.3108283,0,0,0,0,0,0,554.3108283
12065100,Gransee,Gransee,29729.20223,3.539190742,2217.311494,0.000707838,165.8997497,2.192914127,44.3039618,0,0,0,0,0,0,44.3039618
12066202,Luckaitztal,Bronkow,43583.04756,5.188458043,3250.581416,0.001037692,243.2092401,3.214814846,64.94966327,0,0,0,0,0,0,64.94966327
12067458,Siehdichum,Eisenhüttenstadt,58252.91591,6.934870942,4344.713289,0.001386974,325.0724354,4.296907843,86.81144355,0,0,0,0,0,0,86.81144355
12068117,Fehrbellin,Ruppiner Land,130563.6829,15.54329558,9737.911988,0.003108659,728.5927873,9.630764475,194.5726083,0,0,0,0,0,0,194.5726083
12068264,Kyritz,Kyritz,192729.8001,22.94402382,14374.48599,0.004588805,1075.502308,14.21632165,287.2157024,0,0,0,0,0,0,287.2157024
12068468,Wittstock/Dosse,Wittstock/Berlinchen,51075.62255,6.080431256,3809.404775,0.001216086,285.0205307,3.767489398,76.11547772,0,0,0,0,0,0,76.11547772
12068477,Wusterhausen/Dosse,Segeletz,2336.793189,0.278189665,174.286493,5.56379E-05,13.040155,0.172368796,3.482407478,0,0,0,0,0,0,3.482407478
12069249,Groß Kreutz (Havel),Groß-Kreutz,1613.500059,0.19208334,120.3406737,3.84167E-05,9.003916548,0.11901655,2.404519449,0,0,0,0,0,0,2.404519449
12069454,Nuthetal,Saarmund,40689.87504,4.844032743,3034.798139,0.000968807,227.0642863,3.00140586,60.63811116,0,0,0,0,0,0,60.63811116
12071193,Jänschwalde,Cottbus-Drewitz,11739.60388,1.39757189,875.5821432,0.000279514,65.51125488,0.865947999,17.49495185,0,0,0,0,0,0,17.49495185
12071301,Neuhausen/Spree,Neuhausen,35515.54727,4.228041342,2648.878048,0.000845608,198.1896573,2.619732098,52.92706603,0,0,0,0,0,0,52.92706603
12071408,Welzow,Spremberg-Welzow,46494.76606,5.535091198,3467.74792,0.001107018,259.4576872,3.429591838,69.28885354,0,0,0,0,0,0,69.28885354
12072297,Niedergörsdorf,Oehna,185849.2424,22.12490981,13861.3091,0.004424982,1037.106296,13.70879131,276.9619471,0,0,0,0,0,0,276.9619471
12072298,Niederer Fläming,Reinsdorf,129803.2978,15.45277355,9681.199716,0.003090555,724.3495623,9.574676216,193.4394439,0,0,0,0,0,0,193.4394439
12072426,Trebbin,Schönhagen,416283.0152,49.5575018,31047.89382,0.0099115,2323.010469,30.7062698,620.3660178,0,0,0,0,0,0,620.3660178
12073440,Pinnow,Pinnow,33382.75984,3.974138076,2489.807042,0.000794828,186.2879286,2.462411371,49.74867825,0,0,0,0,0,0,49.74867825
13000000,Mecklenburg-Vorpommern,Mecklenburg-Vorpommern,19110125.13,132.1577539,921378.15,0.034106775,68937.72251,911.2401062,18409.99899,222000000,143000,1848183,0.001264284,143310.441,37794.05878,56204.05777
13071087,Lärz,Rechlin-Lärz/Müritz Airpark,27967.33435,3.329444566,2085.905011,0.000665889,156.0678868,2.062953527,41.67833711,0,0,0,0,0,0,41.67833711
13071145,Trollenhagen,Neubrandenburg,89836.71591,10.69484713,6700.347396,0.002138969,501.3215145,6.626622602,133.8792208,0,0,0,0,0,0,133.8792208
13072043,Güstrow,Güstrow,32418.369,3.859329642,2417.879283,0.000771866,180.9062773,2.391275043,48.31149421,0,0,0,0,0,0,48.31149421
13072062,Laage,Rostock-Laage,18295938.17,35.23073404,860653.1394,0.014721371,64394.26343,851.1832609,17196.65636,222000000,143000,1848183,0.001264284,143310.441,37794.05878,54990.71515
13072088,Rövershagen,Purkshof (Rostock),52281.1111,6.223941797,3899.314474,0.001244788,291.7475948,3.856409809,77.91195777,0,0,0,0,0,0,77.91195777
13073009,Barth,Barth,58883.47915,7.009937995,4391.742977,0.001401988,328.5912074,4.343420058,87.7511408,0,0,0,0,0,0,87.7511408
13073021,Dreschvitz,Rügen-Güttin,74035.54292,8.81375511,5521.838729,0.001762751,413.1452283,5.461081219,110.3315131,0,0,0,0,0,0,110.3315131
13073051,Löbnitz,Roitzschjora,50389.42137,5.99874064,3758.225408,0.001199748,281.1912789,3.716873164,75.092866,0,0,0,0,0,0,75.092866
13073088,Stralsund,Stralsund,16969.56958,2.020186855,1265.651913,0.000404037,94.69636369,1.25172578,25.28891144,0,0,0,0,0,0,25.28891144
13074087,Wismar,Wismar-Müggenburg,17321.94316,2.06213609,1291.93321,0.000412427,96.66273627,1.2777179,25.81403638,0,0,0,0,0,0,25.81403638
13075005,Anklam,Anklam,82325.59495,9.800666066,6140.140812,0.001960133,459.4067305,6.072580043,122.6857682,0,0,0,0,0,0,122.6857682
13075090,Mellenthin,Mellenthin,20771.49501,2.472797025,1549.213271,0.000494559,115.9124889,1.532167075,30.95473313,0,0,0,0,0,0,30.95473313
13075105,Pasewalk,Pasewalk/Franzfelde,90819.65273,10.81186342,6773.658381,0.002162373,506.806659,6.699126936,135.344043,0,0,0,0,0,0,135.344043
13075106,Peenemünde,Peenemünde,29024.45508,3.455292271,2164.748901,0.000691058,161.9670046,2.140929887,43.25371192,0,0,0,0,0,0,43.25371192
13075134,Tutow,Tutow,463.6494422,0.055196362,34.58065337,1.10393E-05,2.587332341,0.034200158,0.690953865,0,0,0,0,0,0,0.690953865
13075152,Zirchow,Heringsdorf,55025.9158,6.550704261,4104.031941,0.001310141,307.0646023,4.058874744,82.00240465,0,0,0,0,0,0,82.00240465
13076105,Neustadt-Glewe,Neustadt-Glewe,82900.52026,9.869109555,6183.020822,0.001973822,462.6150226,6.114988239,123.542551,0,0,0,0,0,0,123.542551
13076108,Parchim,Schwerin-Parchim,32752.19659,3.899071023,2442.777354,0.000779814,182.7691566,2.415899157,48.80898099,0,0,0,0,0,0,48.80898099
14000000,Sachsen,Sachsen,314634661,15292194.6,5221603.935,0.085596044,390681.5927,5164.149947,104332.5405,2894000000,1935056000,60933565,0.041682736,4724865.486,1246049.086,1350381.626
14521310,Jahnsdorf/Erzgeb.,Chemnitz-Jahnsdorf,92025.14128,10.95537396,6863.56808,0.002191075,513.5337231,6.788047347,137.140523,0,0,0,0,0,0,137.140523
14522430,Oberschöna,Langhennersdorf,32344.18509,3.850498224,2412.346379,0.0007701,180.4923041,2.385803018,48.20094159,0,0,0,0,0,0,48.20094159
14523020,Auerbach/Vogtl.,Auerbach,59050.39295,7.029808685,4404.192013,0.001405962,329.522647,4.355732115,87.99988419,0,0,0,0,0,0,87.99988419
14524330,Zwickau,Zwickau,94807.03793,11.28655213,7071.052,0.00225731,529.0577172,6.993248295,141.2862462,0,0,0,0,0,0,141.2862462
14612000,Dresden,Dresden,192075389.4,19008.97493,2454381.814,0.024207577,183637.405,2427.375932,49040.84899,755000000,240000,6857308,0.004690869,531724.3115,140227.1862,189268.0352
14625160,Großdubrau,Klix,76743.25567,9.136101865,5723.789745,0.00182722,428.2552491,5.660810141,114.3666837,0,0,0,0,0,0,114.3666837
14625240,Hoyerswerda,Nardt,31769.25978,3.782054735,2369.466369,0.000756411,177.284012,2.343394822,47.3441588,0,0,0,0,0,0,47.3441588
14625250,Kamenz,Kamenz,148071.0858,17.62751022,11043.67746,0.003525502,826.2904565,10.92216244,220.6630262,0,0,0,0,0,0,220.6630262
14625290,Kubschütz,Bautzen,84476.92836,10.05677719,6300.595043,0.002011355,471.4119526,6.231268776,125.8917941,0,0,0,0,0,0,125.8917941
14626110,Görlitz,Görlitz,42099.36935,5.011829684,3139.923326,0.001002366,234.9297766,3.105374341,62.7386109,0,0,0,0,0,0,62.7386109
14626480,Rothenburg/O.L.,Rothenburg/Görlitz,26335.28831,3.135153371,1964.181111,0.000627031,146.960477,1.942568971,39.24617951,0,0,0,0,0,0,39.24617951
14627060,Großenhain,Großenhain,311887.7068,37.1294889,23261.71391,0.007425898,1740.446719,23.00576224,464.7908456,0,0,0,0,0,0,464.7908456
14627230,Riesa,Riesa-Göhlis,122273.6309,14.55638463,9119.609906,0.002911277,682.3312851,9.019265651,182.2183532,0,0,0,0,0,0,182.2183532
14628270,Pirna,Pirna-Pratzschwitz,174981.2995,20.83110708,13050.73858,0.004166221,976.4592256,12.9071396,260.7659885,0,0,0,0,0,0,260.7659885
14729040,Böhlen,Böhlen,33846.40928,4.029334438,2524.387696,0.000805867,188.8752609,2.496611529,50.43963212,0,0,0,0,0,0,50.43963212
14730230,Oschatz,Oschatz,49851.58802,5.93471286,3718.11185,0.001186943,278.1899733,3.677200981,74.29135952,0,0,0,0,0,0,74.29135952
14730270,Schkeuditz,Leipzig/Halle,121070697.3,15273008.42,2656198.858,0.02594622,198737.402,2626.972356,53073.34268,2139000000,1934816000,54076257,0.036991867,4193141.175,1105821.9,1158895.242
14730300,Taucha,Taucha,108011.774,12.85854453,8055.909008,0.002571709,602.7449422,7.967268793,160.9646123,0,0,0,0,0,0,160.9646123
15000000,Sachsen-Anhalt,Sachsen-Anhalt,1136794.248,135.3326486,84786.22915,0.02706653,6343.724928,83.85331523,1694.108323,0,0,0,0,0,0,1694.108323
15001000,Dessau-Roßlau,Dessau,53857.5192,6.411609429,4016.888695,0.001282322,300.5445248,3.972690346,80.26120091,0,0,0,0,0,0,80.26120091
15003000,Magdeburg,Magdeburg,308215.6032,36.69233371,22987.83513,0.007338467,1719.955047,22.73489699,459.318491,0,0,0,0,0,0,459.318491
15081135,Gardelegen,Gardelegen,14521.50053,1.728750063,1083.066063,0.00034575,81.03524893,1.071148947,21.64067504,0,0,0,0,0,0,21.64067504
15081455,Salzwedel,Klein-Gartz,15541.5293,1.85018206,1159.143501,0.000370036,86.72738008,1.146389294,23.16077354,0,0,0,0,0,0,23.16077354
15082015,Bitterfeld-Wolfen,Bitterfeld,463.6494422,0.055196362,34.58065337,1.10393E-05,2.587332341,0.034200158,0.690953865,0,0,0,0,0,0,0.690953865
15082180,Köthen (Anhalt),Köthen,14465.8626,1.722126499,1078.916385,0.000344425,80.72476905,1.067044928,21.55776058,0,0,0,0,0,0,21.55776058
15082430,Zerbst/Anhalt,Zerbst,10107.55784,1.203280695,753.8582434,0.000240656,56.40384504,0.745563443,15.06279425,0,0,0,0,0,0,15.06279425
15083415,Oschersleben (Bode),Oschersleben,5730.707105,0.682227036,427.4168756,0.000136445,31.97942774,0.422713952,8.540189766,0,0,0,0,0,0,8.540189766
15084590,Zeitz,Sprossen,8827.885379,1.050938736,658.4156401,0.000210188,49.26280778,0.651171007,13.15576158,0,0,0,0,0,0,13.15576158
15085040,Ballenstedt,Ballenstedt,141394.5339,16.83268261,10545.71605,0.003366537,789.0328708,10.42968016,210.7132905,0,0,0,0,0,0,210.7132905
15085160,Hedersleben,Oberrißdorf,3319.730006,0.395205953,247.5974781,7.90412E-05,18.52529956,0.244873131,4.94722967,0,0,0,0,0,0,4.94722967
15085227,Nordharz,Abbenrode,1149.850617,0.136886978,85.76002035,2.73774E-05,6.416584207,0.084816392,1.713565584,0,0,0,0,0,0,1.713565584
15087015,Allstedt,Allstedt,16913.93165,2.013563292,1261.502235,0.000402713,94.38588381,1.247621761,25.20599698,0,0,0,0,0,0,25.20599698
15088195,Landsberg,Halle-Oppin,238260.1753,28.36430659,17770.30615,0.005672861,1329.578344,17.57477716,355.0673719,0,0,0,0,0,0,355.0673719
15088220,Merseburg,Merseburg,35330.08749,4.205962797,2635.045786,0.000841193,197.1547244,2.606052035,52.65068448,0,0,0,0,0,0,52.65068448
15089015,Aschersleben,Aschersleben,17785.5926,2.117332453,1326.513863,0.000423466,99.25006861,1.311918058,26.50499025,0,0,0,0,0,0,26.50499025
15089026,Barby,Schönebeck,16357.55232,1.947327657,1220.005451,0.000389466,91.281085,1.206581572,24.37685234,0,0,0,0,0,0,24.37685234
15089175,Hecklingen,Magdeburg-Cochstedt,4914.684087,0.585081439,366.5549257,0.000117016,27.42572282,0.362521674,7.324110965,0,0,0,0,0,0,7.324110965
15090310,Klietz,Klietz/Scharlibbe,46680.22584,5.557169743,3481.580181,0.001111434,260.4926201,3.443271901,69.56523509,0,0,0,0,0,0,69.56523509
15090535,Stendal,Stendal-Borstel,182956.0699,21.78048451,13645.52582,0.004356097,1020.961342,13.49538232,272.650395,0,0,0,0,0,0,272.650395
16000000,Thüringen,Thüringen,1026760.963,122.2334479,230186.5485,0.025852598,17222.60986,227.6537759,4599.342979,314000000,1243000,2973913,0.00203436,230600.965,60814.45546,65413.79844
16051000,Erfurt,Erfurt,30916.1448,3.680493429,155912.838,0.002142007,11665.43396,154.1973087,3115.28463,314000000,1243000,2973913,0.00203436,230600.965,60814.45546,63929.74009
16052000,Gera,Gera-Leumnitz,74610.46823,8.882198599,5564.71874,0.00177644,416.3535204,5.503489415,111.1882959,0,0,0,0,0,0,111.1882959
16054000,Suhl,Suhl-Goldlauter,18861.25931,2.245388013,1406.740979,0.000449078,105.2526796,1.391262425,28.10800321,0,0,0,0,0,0,28.10800321
16061045,Heilbad Heiligenstadt,Eichsfeld Heilbad Heiligenstadt ,55285.55948,6.581614224,4123.397107,0.001316323,308.5135084,4.078026832,82.38933881,0,0,0,0,0,0,82.38933881
16062041,Nordhausen,Nordhausen,27856.05849,3.316197439,2077.605654,0.000663239,155.4469271,2.054745489,41.51250818,0,0,0,0,0,0,41.51250818
16063098,Hörselberg-Hainich,Eisenach-Kindel,137091.8671,16.32046036,10224.80759,0.003264092,765.0224267,10.1123027,204.3012387,0,0,0,0,0,0,204.3012387
16064077,Nottertal-Heilinger Höhen,Obermehler-Schlotheim,17006.66154,2.024602564,1268.418365,0.000404921,94.90335028,1.254461793,25.34418775,0,0,0,0,0,0,25.34418775
16065003,Bad Frankenhausen/Kyffhäuser,Bad Frankenhausen,36665.39789,4.36492832,2734.638068,0.000872986,204.6062416,2.70454849,54.64063161,0,0,0,0,0,0,54.64063161
16067008,Crawinkel,Crawinkel,16784.10981,1.99810831,1251.819652,0.000399622,93.66143076,1.238045717,25.0125299,0,0,0,0,0,0,25.0125299
16067029,Gotha,Gotha-Ost,26910.21362,3.20359686,2007.061121,0.000640719,150.1687691,1.984977167,40.1029623,0,0,0,0,0,0,40.1029623
16068034,Kölleda,Sömmerda-Dermsdorf,85534.04909,10.18262489,6379.438933,0.002036525,477.3110703,6.309245136,127.4671689,0,0,0,0,0,0,127.4671689
16070001,Alkersleben,Arnstadt-Alkersleben,135200.1773,16.09525921,10083.71852,0.003219052,754.4661107,9.972766054,201.4821469,0,0,0,0,0,0,201.4821469
16071089,Umpferstedt,Weimar-Umpferstedt,64521.45637,7.681125759,4812.243722,0.001536225,360.0531686,4.759293978,96.1531398,0,0,0,0,0,0,96.1531398
16073076,Rudolstadt,Rudolstadt-Groschwitz,40615.69113,4.835201325,3029.265235,0.00096704,226.6503131,2.995933835,60.52755854,0,0,0,0,0,0,60.52755854
16074086,Schöngleina,Jena-Schöngleina,172867.058,20.57941167,12893.0508,0.004115882,964.6609901,12.75118688,257.6152389,0,0,0,0,0,0,257.6152389
16077036,Nobitz,Altenburg-Nobitz,86034.79049,10.24223696,6416.786039,0.002048447,480.1053893,6.346181306,128.2133991,0,0,0,0,0,0,128.2133991
