ags,chem_ammonia,chem_basic,chem_other,metal_nonfe,metal_steel_primary,metal_steel_secondary,miner_cement,miner_ceram,miner_chalk,miner_glas,other_food,other_further,other_paper,sum,count_chem_ammonia,count_chem_basic,count_chem_other,count_metal_nonfe,count_metal_steel_primary,count_metal_steel_secondary,count_miner_cement,count_miner_ceram,count_miner_chalk,count_miner_glas,count_other_food,count_other_further,count_other_paper,count_sum
01001000,0.0,0.0,0.0,0.0,0.0,0.0,0.0,0.0,0.0,0.0,0.0,0.0,33761.0,33761,0.0,0.0,0.0,0.0,0.0,0.0,0.0,0.0,0.0,0.0,0.0,0.0,1.0,1
01002000,0.0,0.0,0.0,0.0,0.0,0.0,0.0,0.0,0.0,0.0,0.0,0.0,0.0,0,0.0,0.0,0.0,0.0,0.0,0.0,0.0,0.0,0.0,0.0,0.0,0.0,0.0,0
01003000,0.0,0.0,0.0,0.0,0.0,0.0,0.0,0.0,0.0,0.0,6995.0,0.0,0.0,6995,0.0,0.0,0.0,0.0,0.0,0.0,0.0,0.0,0.0,0.0,1.0,0.0,0.0,1
01051011,0.0,378102.0,0.0,0.0,0.0,0.0,0.0,0.0,0.0,0.0,0.0,0.0,0.0,378102,0.0,4.0,0.0,0.0,0.0,0.0,0.0,0.0,0.0,0.0,0.0,0.0,0.0,4
01055017,0.0,0.0,0.0,0.0,0.0,0.0,0.0,0.0,0.0,0.0,24811.0,0.0,0.0,24811,0.0,0.0,0.0,0.0,0.0,0.0,0.0,0.0,0.0,0.0,1.0,0.0,0.0,1
01056048,0.0,0.0,0.0,0.0,0.0,0.0,0.0,0.0,0.0,0.0,0.0,0.0,27728.0,27728,0.0,0.0,0.0,0.0,0.0,0.0,0.0,0.0,0.0,0.0,0.0,0.0,1.0,1
01056049,0.0,0.0,0.0,0.0,0.0,0.0,0.0,0.0,0.0,0.0,0.0,0.0,63918.0,63918,0.0,0.0,0.0,0.0,0.0,0.0,0.0,0.0,0.0,0.0,0.0,0.0,1.0,1
01060092,0.0,0.0,0.0,0.0,0.0,0.0,0.0,0.0,0.0,38221.0,0.0,0.0,0.0,38221,0.0,0.0,0.0,0.0,0.0,0.0,0.0,0.0,0.0,1.0,0.0,0.0,0.0,1
01061029,0.0,0.0,0.0,0.0,0.0,0.0,0.0,0.0,0.0,0.0,0.0,0.0,7124.0,7124,0.0,0.0,0.0,0.0,0.0,0.0,0.0,0.0,0.0,0.0,0.0,0.0,1.0,1
01061061,0.0,0.0,0.0,0.0,0.0,0.0,1063804.0,0.0,0.0,0.0,0.0,0.0,0.0,1063804,0.0,0.0,0.0,0.0,0.0,0.0,1.0,0.0,0.0,0.0,0.0,0.0,0.0,1
01062001,0.0,0.0,0.0,0.0,0.0,0.0,0.0,0.0,0.0,0.0,0.0,12731.0,0.0,12731,0.0,0.0,0.0,0.0,0.0,0.0,0.0,0.0,0.0,0.0,0.0,1.0,0.0,1
02000000,0.0,55215.0,19554.0,506524.0,0.0,400746.0,0.0,0.0,0.0,0.0,277277.0,79826.0,0.0,1339142,0.0,1.0,1.0,5.0,0.0,3.0,0.0,0.0,0.0,0.0,4.0,4.0,0.0,18
03101000,0.0,0.0,0.0,0.0,0.0,0.0,0.0,0.0,0.0,0.0,0.0,31900.0,0.0,31900,0.0,0.0,0.0,0.0,0.0,0.0,0.0,0.0,0.0,0.0,0.0,1.0,0.0,1
03102000,0.0,0.0,0.0,0.0,4359562.0,3945531.0,0.0,0.0,0.0,0.0,44607.0,23602.0,0.0,8373302,0.0,0.0,0.0,0.0,1.0,6.0,0.0,0.0,0.0,0.0,1.0,1.0,0.0,9
03153002,0.0,0.0,0.0,0.0,0.0,0.0,0.0,0.0,0.0,0.0,0.0,0.0,1870.0,1870,0.0,0.0,0.0,0.0,0.0,0.0,0.0,0.0,0.0,0.0,0.0,0.0,1.0,1
03153007,0.0,28623.0,0.0,0.0,0.0,0.0,0.0,0.0,0.0,0.0,0.0,0.0,0.0,28623,0.0,1.0,0.0,0.0,0.0,0.0,0.0,0.0,0.0,0.0,0.0,0.0,0.0,1
03153012,0.0,0.0,0.0,0.0,0.0,0.0,0.0,0.0,342540.0,0.0,0.0,0.0,0.0,342540,0.0,0.0,0.0,0.0,0.0,0.0,0.0,0.0,2.0,0.0,0.0,0.0,0.0,2
03153017,0.0,0.0,0.0,51581.0,0.0,0.0,0.0,0.0,0.0,0.0,0.0,0.0,0.0,51581,0.0,0.0,0.0,1.0,0.0,0.0,0.0,0.0,0.0,0.0,0.0,0.0,0.0,1
03155001,0.0,0.0,0.0,0.0,0.0,0.0,0.0,0.0,0.0,6190.0,0.0,0.0,0.0,6190,0.0,0.0,0.0,0.0,0.0,0.0,0.0,0.0,0.0,1.0,0.0,0.0,0.0,1
03155003,0.0,0.0,0.0,0.0,0.0,0.0,0.0,7536.0,0.0,0.0,0.0,0.0,0.0,7536,0.0,0.0,0.0,0.0,0.0,0.0,0.0,1.0,0.0,0.0,0.0,0.0,0.0,1
03155007,0.0,0.0,0.0,0.0,0.0,0.0,0.0,0.0,52001.0,0.0,0.0,0.0,0.0,52001,0.0,0.0,0.0,0.0,0.0,0.0,0.0,0.0,1.0,0.0,0.0,0.0,0.0,1
03155011,0.0,0.0,0.0,0.0,0.0,0.0,0.0,0.0,0.0,0.0,0.0,27424.0,0.0,27424,0.0,0.0,0.0,0.0,0.0,0.0,0.0,0.0,0.0,0.0,0.0,2.0,0.0,2
03157002,0.0,0.0,0.0,0.0,0.0,0.0,0.0,0.0,0.0,0.0,57209.0,0.0,0.0,57209,0.0,0.0,0.0,0.0,0.0,0.0,0.0,0.0,0.0,0.0,1.0,0.0,0.0,1
03157006,0.0,0.0,0.0,0.0,0.0,165774.0,0.0,0.0,0.0,0.0,0.0,0.0,0.0,165774,0.0,0.0,0.0,0.0,0.0,1.0,0.0,0.0,0.0,0.0,0.0,0.0,0.0,1
03158039,0.0,0.0,0.0,0.0,0.0,0.0,0.0,0.0,0.0,0.0,66204.0,0.0,0.0,66204,0.0,0.0,0.0,0.0,0.0,0.0,0.0,0.0,0.0,0.0,1.0,0.0,0.0,1
03159005,0.0,0.0,0.0,0.0,0.0,0.0,0.0,26206.0,0.0,0.0,0.0,0.0,0.0,26206,0.0,0.0,0.0,0.0,0.0,0.0,0.0,1.0,0.0,0.0,0.0,0.0,0.0,1
03159007,0.0,0.0,0.0,0.0,0.0,0.0,0.0,0.0,0.0,8263.0,0.0,0.0,0.0,8263,0.0,0.0,0.0,0.0,0.0,0.0,0.0,0.0,0.0,1.0,0.0,0.0,0.0,1
03159010,0.0,0.0,0.0,0.0,0.0,0.0,0.0,0.0,0.0,0.0,0.0,981.0,0.0,981,0.0,0.0,0.0,0.0,0.0,0.0,0.0,0.0,0.0,0.0,0.0,1.0,0.0,1
03159016,0.0,0.0,0.0,20984.0,0.0,0.0,0.0,12134.0,0.0,0.0,0.0,0.0,0.0,33118,0.0,0.0,0.0,1.0,0.0,0.0,0.0,1.0,0.0,0.0,0.0,0.0,0.0,2
03159019,0.0,0.0,0.0,0.0,0.0,0.0,0.0,0.0,0.0,0.0,0.0,0.0,91516.0,91516,0.0,0.0,0.0,0.0,0.0,0.0,0.0,0.0,0.0,0.0,0.0,0.0,1.0,1
03241001,0.0,0.0,0.0,0.0,0.0,0.0,575206.0,0.0,0.0,0.0,0.0,23102.0,0.0,598308,0.0,0.0,0.0,0.0,0.0,0.0,1.0,0.0,0.0,0.0,0.0,1.0,0.0,2
03241010,0.0,0.0,0.0,0.0,0.0,0.0,0.0,0.0,0.0,0.0,0.0,6374.0,0.0,6374,0.0,0.0,0.0,0.0,0.0,0.0,0.0,0.0,0.0,0.0,0.0,1.0,0.0,1
03241015,0.0,21166.0,0.0,0.0,0.0,0.0,0.0,0.0,0.0,0.0,0.0,0.0,0.0,21166,0.0,1.0,0.0,0.0,0.0,0.0,0.0,0.0,0.0,0.0,0.0,0.0,0.0,1
03241016,4513.0,0.0,0.0,0.0,0.0,0.0,654419.0,0.0,0.0,0.0,0.0,0.0,0.0,658932,1.0,0.0,0.0,0.0,0.0,0.0,1.0,0.0,0.0,0.0,0.0,0.0,0.0,2
03241021,65177.0,0.0,0.0,0.0,0.0,0.0,0.0,0.0,0.0,0.0,0.0,0.0,0.0,65177,2.0,0.0,0.0,0.0,0.0,0.0,0.0,0.0,0.0,0.0,0.0,0.0,0.0,2
03251023,0.0,1853.0,0.0,0.0,0.0,0.0,0.0,0.0,0.0,0.0,0.0,0.0,0.0,1853,0.0,2.0,0.0,0.0,0.0,0.0,0.0,0.0,0.0,0.0,0.0,0.0,0.0,2
03252002,0.0,0.0,0.0,0.0,0.0,0.0,0.0,0.0,0.0,15712.0,0.0,0.0,0.0,15712,0.0,0.0,0.0,0.0,0.0,0.0,0.0,0.0,0.0,1.0,0.0,0.0,0.0,1
03252008,0.0,0.0,0.0,0.0,0.0,0.0,0.0,0.0,10388.0,0.0,0.0,0.0,0.0,10388,0.0,0.0,0.0,0.0,0.0,0.0,0.0,0.0,1.0,0.0,0.0,0.0,0.0,1
03254002,0.0,0.0,0.0,0.0,0.0,0.0,0.0,0.0,0.0,0.0,0.0,0.0,111430.0,111430,0.0,0.0,0.0,0.0,0.0,0.0,0.0,0.0,0.0,0.0,0.0,0.0,3.0,3
03254026,0.0,0.0,0.0,0.0,0.0,0.0,0.0,0.0,0.0,0.0,134041.0,0.0,0.0,134041,0.0,0.0,0.0,0.0,0.0,0.0,0.0,0.0,0.0,0.0,1.0,0.0,0.0,1
03255004,0.0,0.0,0.0,0.0,0.0,0.0,0.0,0.0,0.0,66506.0,0.0,0.0,0.0,66506,0.0,0.0,0.0,0.0,0.0,0.0,0.0,0.0,0.0,2.0,0.0,0.0,0.0,2
03255008,0.0,0.0,0.0,0.0,0.0,0.0,0.0,0.0,0.0,9573.0,0.0,0.0,7823.0,17396,0.0,0.0,0.0,0.0,0.0,0.0,0.0,0.0,0.0,1.0,0.0,0.0,1.0,2
03255023,0.0,0.0,25043.0,0.0,0.0,0.0,0.0,0.0,0.0,44093.0,0.0,0.0,0.0,69136,0.0,0.0,1.0,0.0,0.0,0.0,0.0,0.0,0.0,1.0,0.0,0.0,0.0,2
03256014,0.0,0.0,0.0,0.0,0.0,0.0,0.0,0.0,0.0,0.0,0.0,0.0,138631.0,138631,0.0,0.0,0.0,0.0,0.0,0.0,0.0,0.0,0.0,0.0,0.0,0.0,2.0,2
03256022,0.0,0.0,0.0,0.0,0.0,0.0,0.0,0.0,0.0,87867.0,0.0,0.0,0.0,87867,0.0,0.0,0.0,0.0,0.0,0.0,0.0,0.0,0.0,1.0,0.0,0.0,0.0,1
03256030,0.0,86250.0,0.0,0.0,0.0,0.0,0.0,0.0,0.0,0.0,0.0,0.0,0.0,86250,0.0,1.0,0.0,0.0,0.0,0.0,0.0,0.0,0.0,0.0,0.0,0.0,0.0,1
03257028,0.0,0.0,0.0,0.0,0.0,0.0,0.0,0.0,0.0,62546.0,0.0,0.0,0.0,62546,0.0,0.0,0.0,0.0,0.0,0.0,0.0,0.0,0.0,1.0,0.0,0.0,0.0,1
03257031,0.0,0.0,0.0,0.0,0.0,0.0,0.0,0.0,0.0,47304.0,23858.0,0.0,0.0,71162,0.0,0.0,0.0,0.0,0.0,0.0,0.0,0.0,0.0,1.0,1.0,0.0,0.0,2
03351016,0.0,0.0,0.0,0.0,0.0,0.0,0.0,0.0,0.0,0.0,0.0,0.0,83292.0,83292,0.0,0.0,0.0,0.0,0.0,0.0,0.0,0.0,0.0,0.0,0.0,0.0,2.0,2
03355013,0.0,0.0,0.0,0.0,0.0,0.0,0.0,0.0,0.0,0.0,60968.0,0.0,0.0,60968,0.0,0.0,0.0,0.0,0.0,0.0,0.0,0.0,0.0,0.0,1.0,0.0,0.0,1
03357057,0.0,0.0,0.0,0.0,0.0,0.0,0.0,0.0,0.0,0.0,65844.0,0.0,0.0,65844,0.0,0.0,0.0,0.0,0.0,0.0,0.0,0.0,0.0,0.0,1.0,0.0,0.0,1
03359000,0.0,830.0,0.0,0.0,0.0,0.0,0.0,0.0,0.0,0.0,0.0,0.0,0.0,830,0.0,1.0,0.0,0.0,0.0,0.0,0.0,0.0,0.0,0.0,0.0,0.0,0.0,1
03359038,0.0,22791.0,0.0,398536.0,0.0,0.0,0.0,0.0,0.0,0.0,0.0,0.0,0.0,421327,0.0,3.0,0.0,1.0,0.0,0.0,0.0,0.0,0.0,0.0,0.0,0.0,0.0,4
03360025,0.0,0.0,0.0,0.0,0.0,0.0,0.0,0.0,0.0,0.0,160986.0,0.0,0.0,160986,0.0,0.0,0.0,0.0,0.0,0.0,0.0,0.0,0.0,0.0,1.0,0.0,0.0,1
03402000,0.0,0.0,0.0,0.0,0.0,0.0,0.0,0.0,0.0,0.0,0.0,20774.0,0.0,20774,0.0,0.0,0.0,0.0,0.0,0.0,0.0,0.0,0.0,0.0,0.0,1.0,0.0,1
03404000,0.0,0.0,0.0,18092.0,0.0,0.0,0.0,0.0,0.0,0.0,0.0,0.0,248360.0,266452,0.0,0.0,0.0,1.0,0.0,0.0,0.0,0.0,0.0,0.0,0.0,0.0,6.0,7
03405000,0.0,153194.0,0.0,0.0,0.0,0.0,0.0,0.0,0.0,0.0,0.0,0.0,0.0,153194,0.0,1.0,0.0,0.0,0.0,0.0,0.0,0.0,0.0,0.0,0.0,0.0,0.0,1
03451002,0.0,0.0,0.0,0.0,0.0,0.0,0.0,40652.0,0.0,0.0,0.0,0.0,0.0,40652,0.0,0.0,0.0,0.0,0.0,0.0,0.0,1.0,0.0,0.0,0.0,0.0,0.0,1
03451004,0.0,0.0,0.0,0.0,0.0,0.0,0.0,0.0,0.0,0.0,44337.0,0.0,0.0,44337,0.0,0.0,0.0,0.0,0.0,0.0,0.0,0.0,0.0,0.0,1.0,0.0,0.0,1
03451008,0.0,0.0,0.0,0.0,0.0,0.0,0.0,0.0,0.0,0.0,20583.0,0.0,0.0,20583,0.0,0.0,0.0,0.0,0.0,0.0,0.0,0.0,0.0,0.0,1.0,0.0,0.0,1
03453004,0.0,0.0,0.0,0.0,0.0,0.0,0.0,0.0,0.0,0.0,65342.0,0.0,0.0,65342,0.0,0.0,0.0,0.0,0.0,0.0,0.0,0.0,0.0,0.0,1.0,0.0,0.0,1
03453006,0.0,0.0,0.0,0.0,0.0,0.0,0.0,0.0,0.0,0.0,41923.0,0.0,0.0,41923,0.0,0.0,0.0,0.0,0.0,0.0,0.0,0.0,0.0,0.0,1.0,0.0,0.0,1
03453011,0.0,0.0,0.0,0.0,0.0,0.0,0.0,0.0,0.0,0.0,17637.0,0.0,0.0,17637,0.0,0.0,0.0,0.0,0.0,0.0,0.0,0.0,0.0,0.0,1.0,0.0,0.0,1
03454008,0.0,0.0,0.0,0.0,0.0,0.0,0.0,0.0,0.0,0.0,0.0,0.0,247307.0,247307,0.0,0.0,0.0,0.0,0.0,0.0,0.0,0.0,0.0,0.0,0.0,0.0,1.0,1
03454018,0.0,0.0,0.0,0.0,0.0,0.0,0.0,0.0,0.0,0.0,0.0,15373.0,0.0,15373,0.0,0.0,0.0,0.0,0.0,0.0,0.0,0.0,0.0,0.0,0.0,1.0,0.0,1
03454032,0.0,0.0,0.0,0.0,0.0,41784.0,0.0,0.0,0.0,0.0,0.0,0.0,0.0,41784,0.0,0.0,0.0,0.0,0.0,1.0,0.0,0.0,0.0,0.0,0.0,0.0,0.0,1
03454035,0.0,0.0,0.0,0.0,0.0,0.0,0.0,0.0,0.0,0.0,0.0,20488.0,0.0,20488,0.0,0.0,0.0,0.0,0.0,0.0,0.0,0.0,0.0,0.0,0.0,1.0,0.0,1
03455025,0.0,0.0,0.0,0.0,0.0,0.0,0.0,4475.0,0.0,0.0,0.0,0.0,0.0,4475,0.0,0.0,0.0,0.0,0.0,0.0,0.0,1.0,0.0,0.0,0.0,0.0,0.0,1
03455026,0.0,0.0,0.0,0.0,0.0,0.0,0.0,0.0,0.0,0.0,0.0,0.0,277893.0,277893,0.0,0.0,0.0,0.0,0.0,0.0,0.0,0.0,0.0,0.0,0.0,0.0,1.0,1
03455027,0.0,0.0,0.0,0.0,0.0,0.0,0.0,6868.0,0.0,0.0,0.0,0.0,0.0,6868,0.0,0.0,0.0,0.0,0.0,0.0,0.0,1.0,0.0,0.0,0.0,0.0,0.0,1
03456002,0.0,0.0,0.0,0.0,0.0,0.0,0.0,0.0,0.0,0.0,6708.0,0.0,0.0,6708,0.0,0.0,0.0,0.0,0.0,0.0,0.0,0.0,0.0,0.0,1.0,0.0,0.0,1
03456023,0.0,0.0,0.0,0.0,0.0,0.0,0.0,7841.0,0.0,0.0,0.0,0.0,0.0,7841,0.0,0.0,0.0,0.0,0.0,0.0,0.0,1.0,0.0,0.0,0.0,0.0,0.0,1
03456027,0.0,0.0,0.0,0.0,0.0,0.0,0.0,8043.0,0.0,0.0,0.0,0.0,0.0,8043,0.0,0.0,0.0,0.0,0.0,0.0,0.0,1.0,0.0,0.0,0.0,0.0,0.0,1
03457021,0.0,0.0,0.0,0.0,0.0,0.0,0.0,0.0,0.0,0.0,0.0,0.0,4511.0,4511,0.0,0.0,0.0,0.0,0.0,0.0,0.0,0.0,0.0,0.0,0.0,0.0,1.0,1
03458007,0.0,261189.0,0.0,0.0,0.0,0.0,0.0,0.0,0.0,0.0,0.0,0.0,0.0,261189,0.0,1.0,0.0,0.0,0.0,0.0,0.0,0.0,0.0,0.0,0.0,0.0,0.0,1
03458010,0.0,0.0,0.0,0.0,0.0,0.0,0.0,12804.0,0.0,0.0,0.0,0.0,0.0,12804,0.0,0.0,0.0,0.0,0.0,0.0,0.0,2.0,0.0,0.0,0.0,0.0,0.0,2
03458014,0.0,0.0,0.0,0.0,0.0,0.0,0.0,0.0,0.0,0.0,49600.0,0.0,0.0,49600,0.0,0.0,0.0,0.0,0.0,0.0,0.0,0.0,0.0,0.0,1.0,0.0,0.0,1
03459003,0.0,0.0,0.0,0.0,0.0,0.0,0.0,16851.0,0.0,0.0,0.0,0.0,0.0,16851,0.0,0.0,0.0,0.0,0.0,0.0,0.0,1.0,0.0,0.0,0.0,0.0,0.0,1
03459005,0.0,0.0,0.0,0.0,0.0,0.0,0.0,11958.0,0.0,0.0,0.0,0.0,0.0,11958,0.0,0.0,0.0,0.0,0.0,0.0,0.0,1.0,0.0,0.0,0.0,0.0,0.0,1
03459014,0.0,0.0,0.0,0.0,0.0,0.0,0.0,17715.0,0.0,0.0,0.0,0.0,0.0,17715,0.0,0.0,0.0,0.0,0.0,0.0,0.0,1.0,0.0,0.0,0.0,0.0,0.0,1
03459019,0.0,0.0,0.0,0.0,0.0,179673.0,0.0,0.0,0.0,0.0,0.0,0.0,0.0,179673,0.0,0.0,0.0,0.0,0.0,3.0,0.0,0.0,0.0,0.0,0.0,0.0,0.0,3
03459020,0.0,0.0,0.0,0.0,0.0,0.0,0.0,11966.0,0.0,0.0,0.0,0.0,0.0,11966,0.0,0.0,0.0,0.0,0.0,0.0,0.0,2.0,0.0,0.0,0.0,0.0,0.0,2
03459024,0.0,0.0,0.0,0.0,0.0,0.0,0.0,11808.0,0.0,0.0,0.0,0.0,0.0,11808,0.0,0.0,0.0,0.0,0.0,0.0,0.0,1.0,0.0,0.0,0.0,0.0,0.0,1
03459028,0.0,0.0,0.0,0.0,0.0,0.0,0.0,0.0,0.0,0.0,0.0,0.0,75693.0,75693,0.0,0.0,0.0,0.0,0.0,0.0,0.0,0.0,0.0,0.0,0.0,0.0,1.0,1
03459033,0.0,0.0,0.0,0.0,0.0,0.0,0.0,5135.0,0.0,0.0,0.0,0.0,0.0,5135,0.0,0.0,0.0,0.0,0.0,0.0,0.0,1.0,0.0,0.0,0.0,0.0,0.0,1
03460009,0.0,0.0,0.0,0.0,0.0,0.0,0.0,13363.0,0.0,0.0,0.0,0.0,0.0,13363,0.0,0.0,0.0,0.0,0.0,0.0,0.0,1.0,0.0,0.0,0.0,0.0,0.0,1
03461002,0.0,0.0,0.0,0.0,0.0,0.0,0.0,0.0,0.0,0.0,16513.0,0.0,0.0,16513,0.0,0.0,0.0,0.0,0.0,0.0,0.0,0.0,0.0,0.0,1.0,0.0,0.0,1
03461004,0.0,0.0,0.0,0.0,0.0,0.0,0.0,0.0,0.0,0.0,0.0,0.0,17608.0,17608,0.0,0.0,0.0,0.0,0.0,0.0,0.0,0.0,0.0,0.0,0.0,0.0,1.0,1
03461007,0.0,134886.0,0.0,63053.0,0.0,0.0,0.0,0.0,0.0,0.0,0.0,0.0,0.0,197939,0.0,1.0,0.0,2.0,0.0,0.0,0.0,0.0,0.0,0.0,0.0,0.0,0.0,3
03462011,0.0,0.0,0.0,0.0,0.0,0.0,0.0,2947.0,0.0,0.0,0.0,0.0,0.0,2947,0.0,0.0,0.0,0.0,0.0,0.0,0.0,1.0,0.0,0.0,0.0,0.0,0.0,1
04011000,0.0,0.0,39191.0,0.0,5102400.0,705774.0,0.0,0.0,0.0,0.0,22479.0,10153.0,0.0,5879997,0.0,0.0,1.0,0.0,2.0,4.0,0.0,0.0,0.0,0.0,1.0,1.0,0.0,9
04012000,0.0,0.0,0.0,0.0,0.0,0.0,0.0,29455.0,0.0,0.0,0.0,0.0,0.0,29455,0.0,0.0,0.0,0.0,0.0,0.0,0.0,1.0,0.0,0.0,0.0,0.0,0.0,1
05111000,0.0,1773.0,364000.0,0.0,0.0,0.0,0.0,0.0,0.0,97050.0,0.0,63818.0,40335.0,566976,0.0,2.0,1.0,0.0,0.0,0.0,0.0,0.0,0.0,1.0,0.0,1.0,2.0,7
05112000,0.0,152907.0,0.0,44513.0,13436162.0,6505355.0,0.0,0.0,0.0,0.0,0.0,0.0,0.0,20138937,0.0,4.0,0.0,1.0,3.0,10.0,0.0,0.0,0.0,0.0,0.0,0.0,0.0,18
05113000,0.0,11687.0,0.0,295839.0,0.0,0.0,0.0,0.0,0.0,175307.0,0.0,0.0,0.0,482833,0.0,1.0,0.0,2.0,0.0,0.0,0.0,0.0,0.0,2.0,0.0,0.0,0.0,5
05114000,27176.0,347795.0,0.0,0.0,0.0,70526.0,0.0,0.0,0.0,0.0,203592.0,8747.0,0.0,657836,1.0,13.0,0.0,0.0,0.0,3.0,0.0,0.0,0.0,0.0,3.0,1.0,0.0,21
05117000,0.0,0.0,0.0,0.0,0.0,59001.0,0.0,0.0,0.0,0.0,0.0,0.0,0.0,59001,0.0,0.0,0.0,0.0,0.0,1.0,0.0,0.0,0.0,0.0,0.0,0.0,0.0,1
05119000,0.0,234285.0,0.0,0.0,0.0,0.0,0.0,0.0,0.0,0.0,0.0,981.0,0.0,235266,0.0,3.0,0.0,0.0,0.0,0.0,0.0,0.0,0.0,0.0,0.0,2.0,0.0,5
05124000,0.0,0.0,55890.0,0.0,0.0,0.0,0.0,0.0,243056.0,0.0,0.0,0.0,0.0,298946,0.0,0.0,2.0,0.0,0.0,0.0,0.0,0.0,1.0,0.0,0.0,0.0,0.0,3
05154008,0.0,73010.0,0.0,16060.0,0.0,0.0,0.0,12854.0,0.0,0.0,0.0,0.0,0.0,101924,0.0,3.0,0.0,1.0,0.0,0.0,0.0,1.0,0.0,0.0,0.0,0.0,0.0,5
05154020,0.0,0.0,0.0,0.0,0.0,0.0,0.0,0.0,0.0,0.0,3690.0,0.0,0.0,3690,0.0,0.0,0.0,0.0,0.0,0.0,0.0,0.0,0.0,0.0,1.0,0.0,0.0,1
05154024,0.0,0.0,0.0,0.0,0.0,0.0,0.0,0.0,0.0,0.0,45114.0,0.0,0.0,45114,0.0,0.0,0.0,0.0,0.0,0.0,0.0,0.0,0.0,0.0,1.0,0.0,0.0,1
05158004,0.0,0.0,0.0,0.0,0.0,0.0,0.0,0.0,0.0,0.0,0.0,23380.0,0.0,23380,0.0,0.0,0.0,0.0,0.0,0.0,0.0,0.0,0.0,0.0,0.0,1.0,0.0,1
05158036,0.0,0.0,0.0,0.0,0.0,0.0,0.0,0.0,1941442.0,0.0,0.0,0.0,0.0,1941442,0.0,0.0,0.0,0.0,0.0,0.0,0.0,0.0,1.0,0.0,0.0,0.0,0.0,1
05162004,0.0,84177.0,0.0,0.0,0.0,0.0,0.0,0.0,0.0,0.0,0.0,0.0,0.0,84177,0.0,4.0,0.0,0.0,0.0,0.0,0.0,0.0,0.0,0.0,0.0,0.0,0.0,4
05162008,0.0,0.0,0.0,62193.0,0.0,0.0,0.0,0.0,0.0,0.0,0.0,0.0,0.0,62193,0.0,0.0,0.0,4.0,0.0,0.0,0.0,0.0,0.0,0.0,0.0,0.0,0.0,4
05162024,0.0,0.0,0.0,621698.0,0.0,0.0,0.0,0.0,0.0,0.0,39170.0,0.0,146789.0,807657,0.0,0.0,0.0,4.0,0.0,0.0,0.0,0.0,0.0,0.0,1.0,0.0,2.0,7
05166004,0.0,0.0,0.0,0.0,0.0,0.0,0.0,19645.0,0.0,0.0,0.0,0.0,0.0,19645,0.0,0.0,0.0,0.0,0.0,0.0,0.0,2.0,0.0,0.0,0.0,0.0,0.0,2
05170024,0.0,249630.0,0.0,0.0,0.0,0.0,0.0,0.0,0.0,0.0,0.0,0.0,0.0,249630,0.0,3.0,0.0,0.0,0.0,0.0,0.0,0.0,0.0,0.0,0.0,0.0,0.0,3
05170032,0.0,172845.0,0.0,0.0,0.0,0.0,0.0,0.0,0.0,0.0,0.0,0.0,0.0,172845,0.0,3.0,0.0,0.0,0.0,0.0,0.0,0.0,0.0,0.0,0.0,0.0,0.0,3
05170036,0.0,0.0,0.0,0.0,0.0,0.0,0.0,8856.0,0.0,0.0,0.0,0.0,0.0,8856,0.0,0.0,0.0,0.0,0.0,0.0,0.0,1.0,0.0,0.0,0.0,0.0,0.0,1
05170044,0.0,0.0,0.0,192074.0,0.0,0.0,0.0,0.0,0.0,0.0,0.0,0.0,0.0,192074,0.0,0.0,0.0,3.0,0.0,0.0,0.0,0.0,0.0,0.0,0.0,0.0,0.0,3
05314000,0.0,0.0,0.0,0.0,0.0,0.0,0.0,0.0,0.0,33393.0,0.0,0.0,0.0,33393,0.0,0.0,0.0,0.0,0.0,0.0,0.0,0.0,0.0,1.0,0.0,0.0,0.0,1
05315000,597789.0,2713609.0,28628.0,0.0,0.0,0.0,0.0,0.0,0.0,157478.0,0.0,16946.0,0.0,3514450,1.0,13.0,1.0,0.0,0.0,0.0,0.0,0.0,0.0,1.0,0.0,1.0,0.0,17
05316000,0.0,241105.0,0.0,0.0,0.0,0.0,0.0,0.0,0.0,0.0,0.0,0.0,0.0,241105,0.0,6.0,0.0,0.0,0.0,0.0,0.0,0.0,0.0,0.0,0.0,0.0,0.0,6
05334002,0.0,0.0,0.0,0.0,0.0,0.0,0.0,0.0,0.0,0.0,19390.0,0.0,0.0,19390,0.0,0.0,0.0,0.0,0.0,0.0,0.0,0.0,0.0,0.0,1.0,0.0,0.0,1
05334016,0.0,0.0,0.0,0.0,0.0,0.0,0.0,0.0,0.0,76491.0,0.0,0.0,0.0,76491,0.0,0.0,0.0,0.0,0.0,0.0,0.0,0.0,0.0,1.0,0.0,0.0,0.0,1
05334032,0.0,0.0,0.0,65167.0,0.0,0.0,0.0,0.0,0.0,112462.0,0.0,0.0,0.0,177629,0.0,0.0,0.0,2.0,0.0,0.0,0.0,0.0,0.0,1.0,0.0,0.0,0.0,3
05358008,0.0,0.0,0.0,0.0,0.0,0.0,0.0,0.0,0.0,17239.0,0.0,0.0,228747.0,245986,0.0,0.0,0.0,0.0,0.0,0.0,0.0,0.0,0.0,1.0,0.0,0.0,4.0,5
05358024,0.0,0.0,0.0,0.0,0.0,0.0,0.0,0.0,0.0,0.0,180683.0,0.0,0.0,180683,0.0,0.0,0.0,0.0,0.0,0.0,0.0,0.0,0.0,0.0,1.0,0.0,0.0,1
05358028,0.0,0.0,0.0,0.0,0.0,0.0,0.0,0.0,0.0,0.0,0.0,0.0,208905.0,208905,0.0,0.0,0.0,0.0,0.0,0.0,0.0,0.0,0.0,0.0,0.0,0.0,2.0,2
05362008,0.0,227956.0,0.0,0.0,0.0,0.0,0.0,0.0,0.0,0.0,0.0,0.0,0.0,227956,0.0,1.0,0.0,0.0,0.0,0.0,0.0,0.0,0.0,0.0,0.0,0.0,0.0,1
05362024,0.0,0.0,0.0,0.0,0.0,0.0,0.0,5229.0,0.0,0.0,0.0,0.0,0.0,5229,0.0,0.0,0.0,0.0,0.0,0.0,0.0,1.0,0.0,0.0,0.0,0.0,0.0,1
05362028,0.0,47660.0,0.0,0.0,0.0,0.0,0.0,0.0,0.0,0.0,0.0,0.0,1.0,47661,0.0,5.0,0.0,0.0,0.0,0.0,0.0,0.0,0.0,0.0,0.0,0.0,1.0,6
05362040,0.0,2466133.0,0.0,0.0,0.0,0.0,0.0,0.0,0.0,0.0,0.0,0.0,0.0,2466133,0.0,15.0,0.0,0.0,0.0,0.0,0.0,0.0,0.0,0.0,0.0,0.0,0.0,15
05366004,0.0,0.0,0.0,0.0,0.0,18639.0,0.0,0.0,0.0,0.0,0.0,0.0,0.0,18639,0.0,0.0,0.0,0.0,0.0,1.0,0.0,0.0,0.0,0.0,0.0,0.0,0.0,1
05366016,0.0,0.0,0.0,0.0,0.0,0.0,0.0,0.0,0.0,0.0,88667.0,0.0,9329.0,97996,0.0,0.0,0.0,0.0,0.0,0.0,0.0,0.0,0.0,0.0,1.0,0.0,1.0,2
05366036,0.0,0.0,0.0,0.0,0.0,0.0,0.0,0.0,0.0,0.0,0.0,0.0,2663.0,2663,0.0,0.0,0.0,0.0,0.0,0.0,0.0,0.0,0.0,0.0,0.0,0.0,1.0,1
05366044,0.0,0.0,0.0,0.0,0.0,0.0,0.0,0.0,0.0,0.0,0.0,0.0,260715.0,260715,0.0,0.0,0.0,0.0,0.0,0.0,0.0,0.0,0.0,0.0,0.0,0.0,2.0,2
05370016,0.0,0.0,34464.0,0.0,0.0,0.0,0.0,0.0,0.0,0.0,0.0,0.0,0.0,34464,0.0,0.0,1.0,0.0,0.0,0.0,0.0,0.0,0.0,0.0,0.0,0.0,0.0,1
05378004,0.0,0.0,0.0,0.0,0.0,0.0,0.0,0.0,0.0,45491.0,0.0,0.0,125111.0,170602,0.0,0.0,0.0,0.0,0.0,0.0,0.0,0.0,0.0,1.0,0.0,0.0,1.0,2
05382004,0.0,0.0,0.0,0.0,0.0,0.0,0.0,22443.0,0.0,0.0,0.0,0.0,0.0,22443,0.0,0.0,0.0,0.0,0.0,0.0,0.0,1.0,0.0,0.0,0.0,0.0,0.0,1
05382024,0.0,0.0,0.0,0.0,0.0,0.0,0.0,11790.0,0.0,0.0,0.0,0.0,0.0,11790,0.0,0.0,0.0,0.0,0.0,0.0,0.0,1.0,0.0,0.0,0.0,0.0,0.0,1
05382044,0.0,32188.0,0.0,0.0,0.0,0.0,0.0,0.0,0.0,0.0,0.0,0.0,0.0,32188,0.0,1.0,0.0,0.0,0.0,0.0,0.0,0.0,0.0,0.0,0.0,0.0,0.0,1
05382068,0.0,0.0,0.0,0.0,0.0,20893.0,0.0,0.0,0.0,0.0,0.0,0.0,0.0,20893,0.0,0.0,0.0,0.0,0.0,1.0,0.0,0.0,0.0,0.0,0.0,0.0,0.0,1
05512000,0.0,0.0,0.0,0.0,0.0,431225.0,0.0,0.0,0.0,0.0,0.0,0.0,0.0,431225,0.0,0.0,0.0,0.0,0.0,2.0,0.0,0.0,0.0,0.0,0.0,0.0,0.0,2
05513000,0.0,19379.0,0.0,0.0,0.0,29085.0,0.0,0.0,25409.0,10916.0,0.0,0.0,40355.0,125144,0.0,1.0,0.0,0.0,0.0,1.0,0.0,0.0,1.0,1.0,0.0,0.0,1.0,5
05515000,0.0,0.0,12939.0,0.0,0.0,0.0,0.0,9105.0,0.0,0.0,0.0,0.0,0.0,22044,0.0,0.0,1.0,0.0,0.0,0.0,0.0,1.0,0.0,0.0,0.0,0.0,0.0,2
05554044,0.0,0.0,0.0,0.0,0.0,0.0,0.0,0.0,0.0,0.0,13389.0,0.0,0.0,13389,0.0,0.0,0.0,0.0,0.0,0.0,0.0,0.0,0.0,0.0,1.0,0.0,0.0,1
05554056,0.0,0.0,0.0,0.0,0.0,0.0,0.0,3635.0,0.0,0.0,0.0,0.0,0.0,3635,0.0,0.0,0.0,0.0,0.0,0.0,0.0,1.0,0.0,0.0,0.0,0.0,0.0,1
05554068,0.0,0.0,0.0,0.0,0.0,0.0,0.0,0.0,0.0,0.0,0.0,0.0,33062.0,33062,0.0,0.0,0.0,0.0,0.0,0.0,0.0,0.0,0.0,0.0,0.0,0.0,1.0,1
05558008,0.0,0.0,0.0,0.0,0.0,0.0,0.0,0.0,0.0,0.0,20091.0,0.0,0.0,20091,0.0,0.0,0.0,0.0,0.0,0.0,0.0,0.0,0.0,0.0,1.0,0.0,0.0,1
05558032,0.0,0.0,0.0,0.0,0.0,0.0,0.0,17751.0,0.0,0.0,0.0,0.0,0.0,17751,0.0,0.0,0.0,0.0,0.0,0.0,0.0,1.0,0.0,0.0,0.0,0.0,0.0,1
05562004,0.0,136773.0,0.0,0.0,0.0,0.0,0.0,0.0,0.0,0.0,0.0,0.0,0.0,136773,0.0,1.0,0.0,0.0,0.0,0.0,0.0,0.0,0.0,0.0,0.0,0.0,0.0,1
05562014,0.0,6705.0,0.0,0.0,0.0,0.0,0.0,0.0,0.0,245672.0,0.0,0.0,0.0,252377,0.0,1.0,0.0,0.0,0.0,0.0,0.0,0.0,0.0,2.0,0.0,0.0,0.0,3
05562024,0.0,569672.0,142146.0,0.0,0.0,0.0,0.0,0.0,0.0,0.0,0.0,0.0,0.0,711818,0.0,11.0,1.0,0.0,0.0,0.0,0.0,0.0,0.0,0.0,0.0,0.0,0.0,12
05566016,0.0,0.0,0.0,0.0,0.0,0.0,0.0,6302.0,0.0,0.0,0.0,0.0,0.0,6302,0.0,0.0,0.0,0.0,0.0,0.0,0.0,1.0,0.0,0.0,0.0,0.0,0.0,1
05566028,0.0,0.0,0.0,0.0,0.0,0.0,0.0,0.0,0.0,0.0,51613.0,0.0,0.0,51613,0.0,0.0,0.0,0.0,0.0,0.0,0.0,0.0,0.0,0.0,1.0,0.0,0.0,1
05566040,0.0,0.0,0.0,0.0,0.0,0.0,1024071.0,0.0,0.0,0.0,0.0,0.0,0.0,1024071,0.0,0.0,0.0,0.0,0.0,0.0,2.0,0.0,0.0,0.0,0.0,0.0,0.0,2
05566044,0.0,0.0,0.0,0.0,0.0,0.0,0.0,0.0,152410.0,0.0,0.0,0.0,0.0,152410,0.0,0.0,0.0,0.0,0.0,0.0,0.0,0.0,1.0,0.0,0.0,0.0,0.0,1
05566072,0.0,0.0,0.0,0.0,0.0,0.0,0.0,13138.0,0.0,0.0,0.0,0.0,0.0,13138,0.0,0.0,0.0,0.0,0.0,0.0,0.0,1.0,0.0,0.0,0.0,0.0,0.0,1
05566076,0.0,0.0,0.0,0.0,0.0,0.0,0.0,0.0,25219.0,0.0,0.0,0.0,0.0,25219,0.0,0.0,0.0,0.0,0.0,0.0,0.0,0.0,1.0,0.0,0.0,0.0,0.0,1
05566092,0.0,0.0,0.0,0.0,0.0,0.0,0.0,6700.0,0.0,0.0,0.0,0.0,0.0,6700,0.0,0.0,0.0,0.0,0.0,0.0,0.0,1.0,0.0,0.0,0.0,0.0,0.0,1
05570008,0.0,0.0,0.0,0.0,0.0,0.0,784415.0,0.0,0.0,0.0,0.0,0.0,0.0,784415,0.0,0.0,0.0,0.0,0.0,0.0,2.0,0.0,0.0,0.0,0.0,0.0,0.0,2
05570020,0.0,0.0,0.0,0.0,0.0,0.0,492589.0,0.0,0.0,0.0,0.0,0.0,0.0,492589,0.0,0.0,0.0,0.0,0.0,0.0,1.0,0.0,0.0,0.0,0.0,0.0,0.0,1
05711000,0.0,0.0,0.0,0.0,0.0,0.0,0.0,0.0,0.0,0.0,0.0,0.0,11126.0,11126,0.0,0.0,0.0,0.0,0.0,0.0,0.0,0.0,0.0,0.0,0.0,0.0,1.0,1
05754012,0.0,0.0,0.0,0.0,0.0,0.0,0.0,0.0,9506.0,0.0,36834.0,0.0,0.0,46340,0.0,0.0,0.0,0.0,0.0,0.0,0.0,0.0,1.0,0.0,1.0,0.0,0.0,2
05754028,0.0,0.0,0.0,0.0,0.0,0.0,0.0,0.0,0.0,0.0,0.0,5690.0,0.0,5690,0.0,0.0,0.0,0.0,0.0,0.0,0.0,0.0,0.0,0.0,0.0,1.0,0.0,1
05758024,0.0,0.0,0.0,0.0,0.0,0.0,0.0,3544.0,0.0,0.0,0.0,0.0,0.0,3544,0.0,0.0,0.0,0.0,0.0,0.0,0.0,1.0,0.0,0.0,0.0,0.0,0.0,1
05762032,0.0,0.0,0.0,0.0,0.0,0.0,0.0,14548.0,0.0,0.0,0.0,12470.0,0.0,27018,0.0,0.0,0.0,0.0,0.0,0.0,0.0,1.0,0.0,0.0,0.0,1.0,0.0,2
05762036,0.0,0.0,0.0,0.0,0.0,0.0,0.0,22014.0,0.0,0.0,34096.0,0.0,0.0,56110,0.0,0.0,0.0,0.0,0.0,0.0,0.0,1.0,0.0,0.0,1.0,0.0,0.0,2
05766036,0.0,0.0,0.0,0.0,0.0,0.0,0.0,18330.0,0.0,0.0,0.0,0.0,0.0,18330,0.0,0.0,0.0,0.0,0.0,0.0,0.0,1.0,0.0,0.0,0.0,0.0,0.0,1
05766040,0.0,0.0,0.0,0.0,0.0,0.0,0.0,0.0,0.0,0.0,45700.0,0.0,0.0,45700,0.0,0.0,0.0,0.0,0.0,0.0,0.0,0.0,0.0,0.0,1.0,0.0,0.0,1
05770016,0.0,0.0,0.0,0.0,0.0,0.0,0.0,6300.0,0.0,0.0,0.0,0.0,0.0,6300,0.0,0.0,0.0,0.0,0.0,0.0,0.0,1.0,0.0,0.0,0.0,0.0,0.0,1
05770024,0.0,0.0,11319.0,0.0,0.0,0.0,0.0,0.0,0.0,0.0,0.0,0.0,0.0,11319,0.0,0.0,1.0,0.0,0.0,0.0,0.0,0.0,0.0,0.0,0.0,0.0,0.0,1
05770028,0.0,0.0,0.0,0.0,0.0,0.0,0.0,13492.0,0.0,0.0,0.0,0.0,0.0,13492,0.0,0.0,0.0,0.0,0.0,0.0,0.0,1.0,0.0,0.0,0.0,0.0,0.0,1
05770040,0.0,0.0,0.0,0.0,0.0,0.0,0.0,9989.0,0.0,0.0,0.0,0.0,0.0,9989,0.0,0.0,0.0,0.0,0.0,0.0,0.0,1.0,0.0,0.0,0.0,0.0,0.0,1
05774032,0.0,0.0,0.0,0.0,0.0,0.0,260421.0,0.0,0.0,0.0,20049.0,0.0,0.0,280470,0.0,0.0,0.0,0.0,0.0,0.0,1.0,0.0,0.0,0.0,2.0,0.0,0.0,3
05911000,0.0,0.0,0.0,0.0,0.0,228594.0,0.0,19354.0,0.0,0.0,0.0,16169.0,0.0,264117,0.0,0.0,0.0,0.0,0.0,4.0,0.0,1.0,0.0,0.0,0.0,1.0,0.0,6
05913000,0.0,303620.0,0.0,0.0,0.0,74487.0,0.0,0.0,0.0,0.0,0.0,0.0,0.0,378107,0.0,1.0,0.0,0.0,0.0,3.0,0.0,0.0,0.0,0.0,0.0,0.0,0.0,4
05914000,0.0,0.0,0.0,0.0,0.0,128497.0,0.0,26106.0,0.0,0.0,0.0,0.0,103300.0,257903,0.0,0.0,0.0,0.0,0.0,2.0,0.0,1.0,0.0,0.0,0.0,0.0,1.0,4
05915000,0.0,15441.0,0.0,0.0,0.0,0.0,0.0,0.0,0.0,0.0,0.0,0.0,0.0,15441,0.0,1.0,0.0,0.0,0.0,0.0,0.0,0.0,0.0,0.0,0.0,0.0,0.0,1
05916000,0.0,200295.0,0.0,0.0,0.0,0.0,0.0,0.0,0.0,0.0,0.0,0.0,0.0,200295,0.0,3.0,0.0,0.0,0.0,0.0,0.0,0.0,0.0,0.0,0.0,0.0,0.0,3
05954016,0.0,0.0,0.0,0.0,0.0,3471.0,0.0,0.0,0.0,0.0,0.0,0.0,0.0,3471,0.0,0.0,0.0,0.0,0.0,1.0,0.0,0.0,0.0,0.0,0.0,0.0,0.0,1
05954024,0.0,0.0,0.0,0.0,0.0,0.0,0.0,0.0,0.0,0.0,0.0,0.0,2626.0,2626,0.0,0.0,0.0,0.0,0.0,0.0,0.0,0.0,0.0,0.0,0.0,0.0,1.0,1
05954036,0.0,27048.0,0.0,0.0,0.0,63526.0,0.0,0.0,0.0,0.0,0.0,0.0,0.0,90574,0.0,1.0,0.0,0.0,0.0,3.0,0.0,0.0,0.0,0.0,0.0,0.0,0.0,4
05958004,0.0,58241.0,0.0,0.0,0.0,0.0,0.0,0.0,0.0,0.0,0.0,467.0,217674.0,276382,0.0,1.0,0.0,0.0,0.0,0.0,0.0,0.0,0.0,0.0,0.0,1.0,2.0,4
05958012,0.0,0.0,0.0,0.0,0.0,0.0,0.0,0.0,69237.0,0.0,0.0,24789.0,0.0,94026,0.0,0.0,0.0,0.0,0.0,0.0,0.0,0.0,1.0,0.0,0.0,1.0,0.0,2
05958024,0.0,0.0,0.0,0.0,0.0,0.0,0.0,0.0,0.0,21442.0,0.0,0.0,24512.0,45954,0.0,0.0,0.0,0.0,0.0,0.0,0.0,0.0,0.0,1.0,0.0,0.0,1.0,2
05958044,0.0,0.0,0.0,0.0,0.0,0.0,0.0,0.0,0.0,0.0,0.0,0.0,2994.0,2994,0.0,0.0,0.0,0.0,0.0,0.0,0.0,0.0,0.0,0.0,0.0,0.0,1.0,1
05962036,0.0,0.0,0.0,12531.0,0.0,0.0,0.0,0.0,0.0,0.0,0.0,0.0,0.0,12531,0.0,0.0,0.0,1.0,0.0,0.0,0.0,0.0,0.0,0.0,0.0,0.0,0.0,1
05962040,0.0,0.0,0.0,0.0,0.0,0.0,0.0,0.0,838146.0,0.0,0.0,0.0,0.0,838146,0.0,0.0,0.0,0.0,0.0,0.0,0.0,0.0,1.0,0.0,0.0,0.0,0.0,1
05966012,0.0,0.0,0.0,0.0,0.0,25802.0,0.0,0.0,0.0,0.0,0.0,0.0,0.0,25802,0.0,0.0,0.0,0.0,0.0,1.0,0.0,0.0,0.0,0.0,0.0,0.0,0.0,1
05966016,0.0,0.0,0.0,0.0,0.0,0.0,0.0,0.0,0.0,0.0,0.0,0.0,13309.0,13309,0.0,0.0,0.0,0.0,0.0,0.0,0.0,0.0,0.0,0.0,0.0,0.0,1.0,1
05966020,0.0,0.0,0.0,0.0,0.0,0.0,0.0,0.0,51979.0,0.0,0.0,0.0,0.0,51979,0.0,0.0,0.0,0.0,0.0,0.0,0.0,0.0,1.0,0.0,0.0,0.0,0.0,1
05970024,0.0,0.0,0.0,0.0,0.0,43947.0,0.0,0.0,0.0,0.0,26279.0,0.0,0.0,70226,0.0,0.0,0.0,0.0,0.0,2.0,0.0,0.0,0.0,0.0,2.0,0.0,0.0,4
05970040,0.0,0.0,0.0,0.0,0.0,153828.0,0.0,0.0,0.0,0.0,0.0,0.0,0.0,153828,0.0,0.0,0.0,0.0,0.0,4.0,0.0,0.0,0.0,0.0,0.0,0.0,0.0,4
05974016,0.0,0.0,0.0,0.0,0.0,0.0,1824538.0,0.0,121802.0,0.0,0.0,0.0,0.0,1946340,0.0,0.0,0.0,0.0,0.0,0.0,4.0,0.0,1.0,0.0,0.0,0.0,0.0,5
05974020,0.0,0.0,0.0,0.0,0.0,0.0,920672.0,0.0,0.0,0.0,0.0,0.0,0.0,920672,0.0,0.0,0.0,0.0,0.0,0.0,2.0,0.0,0.0,0.0,0.0,0.0,0.0,2
05974028,0.0,0.0,0.0,0.0,0.0,0.0,0.0,0.0,0.0,0.0,0.0,15770.0,0.0,15770,0.0,0.0,0.0,0.0,0.0,0.0,0.0,0.0,0.0,0.0,0.0,1.0,0.0,1
05974044,0.0,0.0,0.0,0.0,0.0,0.0,0.0,0.0,147823.0,0.0,13319.0,0.0,0.0,161142,0.0,0.0,0.0,0.0,0.0,0.0,0.0,0.0,1.0,0.0,1.0,0.0,0.0,2
05978004,0.0,0.0,37475.0,0.0,0.0,0.0,0.0,0.0,0.0,0.0,0.0,0.0,0.0,37475,0.0,0.0,1.0,0.0,0.0,0.0,0.0,0.0,0.0,0.0,0.0,0.0,0.0,1
05978024,0.0,0.0,0.0,166918.0,0.0,0.0,0.0,0.0,0.0,55423.0,0.0,0.0,0.0,222341,0.0,0.0,0.0,1.0,0.0,0.0,0.0,0.0,0.0,1.0,0.0,0.0,0.0,2
05978028,0.0,0.0,0.0,0.0,0.0,9957.0,0.0,0.0,0.0,0.0,0.0,0.0,0.0,9957,0.0,0.0,0.0,0.0,0.0,1.0,0.0,0.0,0.0,0.0,0.0,0.0,0.0,1
05978036,0.0,0.0,0.0,0.0,0.0,22445.0,0.0,0.0,0.0,0.0,0.0,0.0,0.0,22445,0.0,0.0,0.0,0.0,0.0,1.0,0.0,0.0,0.0,0.0,0.0,0.0,0.0,1
06412000,0.0,59355.0,0.0,0.0,0.0,0.0,0.0,0.0,0.0,0.0,0.0,1308.0,0.0,60663,0.0,4.0,0.0,0.0,0.0,0.0,0.0,0.0,0.0,0.0,0.0,1.0,0.0,5
06414000,0.0,0.0,0.0,0.0,0.0,0.0,200858.0,0.0,0.0,0.0,0.0,0.0,0.0,200858,0.0,0.0,0.0,0.0,0.0,0.0,1.0,0.0,0.0,0.0,0.0,0.0,0.0,1
06431013,0.0,36137.0,0.0,0.0,0.0,0.0,0.0,0.0,0.0,0.0,0.0,0.0,0.0,36137,0.0,1.0,0.0,0.0,0.0,0.0,0.0,0.0,0.0,0.0,0.0,0.0,0.0,1
06432014,0.0,0.0,0.0,0.0,0.0,0.0,0.0,0.0,0.0,0.0,0.0,0.0,18.0,18,0.0,0.0,0.0,0.0,0.0,0.0,0.0,0.0,0.0,0.0,0.0,0.0,1.0,1
06432023,0.0,0.0,0.0,0.0,0.0,0.0,0.0,0.0,0.0,0.0,0.0,12348.0,0.0,12348,0.0,0.0,0.0,0.0,0.0,0.0,0.0,0.0,0.0,0.0,0.0,1.0,0.0,1
06435014,0.0,0.0,0.0,0.0,0.0,0.0,0.0,0.0,0.0,0.0,0.0,23326.0,0.0,23326,0.0,0.0,0.0,0.0,0.0,0.0,0.0,0.0,0.0,0.0,0.0,1.0,0.0,1
06438004,0.0,0.0,0.0,0.0,0.0,0.0,0.0,9091.0,0.0,0.0,0.0,0.0,0.0,9091,0.0,0.0,0.0,0.0,0.0,0.0,0.0,1.0,0.0,0.0,0.0,0.0,0.0,1
06440016,0.0,0.0,0.0,0.0,0.0,0.0,0.0,0.0,0.0,0.0,0.0,0.0,13801.0,13801,0.0,0.0,0.0,0.0,0.0,0.0,0.0,0.0,0.0,0.0,0.0,0.0,1.0,1
06531017,0.0,0.0,0.0,0.0,0.0,0.0,0.0,15554.0,0.0,0.0,0.0,0.0,0.0,15554,0.0,0.0,0.0,0.0,0.0,0.0,0.0,1.0,0.0,0.0,0.0,0.0,0.0,1
06532006,0.0,0.0,0.0,0.0,0.0,27083.0,0.0,0.0,0.0,3796.0,0.0,0.0,0.0,30879,0.0,0.0,0.0,0.0,0.0,1.0,0.0,0.0,0.0,1.0,0.0,0.0,0.0,2
06532023,0.0,0.0,0.0,0.0,0.0,139981.0,0.0,0.0,0.0,0.0,0.0,0.0,0.0,139981,0.0,0.0,0.0,0.0,0.0,4.0,0.0,0.0,0.0,0.0,0.0,0.0,0.0,4
06533013,0.0,0.0,0.0,0.0,0.0,0.0,0.0,0.0,289205.0,0.0,0.0,0.0,0.0,289205,0.0,0.0,0.0,0.0,0.0,0.0,0.0,0.0,1.0,0.0,0.0,0.0,0.0,1
06611000,0.0,0.0,0.0,0.0,0.0,0.0,0.0,0.0,0.0,0.0,0.0,16309.0,0.0,16309,0.0,0.0,0.0,0.0,0.0,0.0,0.0,0.0,0.0,0.0,0.0,1.0,0.0,1
06631009,0.0,0.0,0.0,0.0,0.0,0.0,0.0,0.0,0.0,0.0,0.0,0.0,176651.0,176651,0.0,0.0,0.0,0.0,0.0,0.0,0.0,0.0,0.0,0.0,0.0,0.0,1.0,1
06631011,0.0,0.0,0.0,0.0,0.0,0.0,135031.0,0.0,70520.0,0.0,0.0,0.0,0.0,205551,0.0,0.0,0.0,0.0,0.0,0.0,1.0,0.0,1.0,0.0,0.0,0.0,0.0,2
06631018,47832.0,0.0,0.0,0.0,0.0,0.0,0.0,0.0,0.0,0.0,0.0,0.0,0.0,47832,2.0,0.0,0.0,0.0,0.0,0.0,0.0,0.0,0.0,0.0,0.0,0.0,0.0,2
06632009,190480.0,0.0,0.0,0.0,0.0,0.0,0.0,0.0,0.0,0.0,0.0,0.0,0.0,190480,2.0,0.0,0.0,0.0,0.0,0.0,0.0,0.0,0.0,0.0,0.0,0.0,0.0,2
06632016,310310.0,0.0,0.0,0.0,0.0,0.0,0.0,0.0,0.0,0.0,0.0,0.0,0.0,310310,2.0,0.0,0.0,0.0,0.0,0.0,0.0,0.0,0.0,0.0,0.0,0.0,0.0,2
06634025,0.0,0.0,0.0,0.0,0.0,0.0,0.0,0.0,0.0,0.0,42092.0,0.0,0.0,42092,0.0,0.0,0.0,0.0,0.0,0.0,0.0,0.0,0.0,0.0,1.0,0.0,0.0,1
06635008,0.0,0.0,0.0,0.0,0.0,0.0,0.0,0.0,0.0,0.0,0.0,0.0,81014.0,81014,0.0,0.0,0.0,0.0,0.0,0.0,0.0,0.0,0.0,0.0,0.0,0.0,2.0,2
06635014,0.0,0.0,0.0,0.0,0.0,0.0,0.0,0.0,0.0,0.0,0.0,0.0,2802.0,2802,0.0,0.0,0.0,0.0,0.0,0.0,0.0,0.0,0.0,0.0,0.0,0.0,1.0,1
06636008,0.0,0.0,0.0,0.0,0.0,0.0,0.0,0.0,49916.0,0.0,0.0,0.0,0.0,49916,0.0,0.0,0.0,0.0,0.0,0.0,0.0,0.0,1.0,0.0,0.0,0.0,0.0,1
06636016,0.0,0.0,0.0,0.0,0.0,0.0,0.0,0.0,0.0,0.0,0.0,0.0,20737.0,20737,0.0,0.0,0.0,0.0,0.0,0.0,0.0,0.0,0.0,0.0,0.0,0.0,2.0,2
07111000,0.0,0.0,0.0,59220.0,0.0,0.0,0.0,0.0,0.0,0.0,0.0,0.0,13826.0,73046,0.0,0.0,0.0,2.0,0.0,0.0,0.0,0.0,0.0,0.0,0.0,0.0,1.0,3
07131077,0.0,0.0,0.0,0.0,0.0,0.0,0.0,28540.0,0.0,0.0,0.0,0.0,0.0,28540,0.0,0.0,0.0,0.0,0.0,0.0,0.0,1.0,0.0,0.0,0.0,0.0,0.0,1
07133006,0.0,0.0,0.0,0.0,0.0,0.0,0.0,0.0,0.0,0.0,0.0,46700.0,10098.0,56798,0.0,0.0,0.0,0.0,0.0,0.0,0.0,0.0,0.0,0.0,0.0,1.0,1.0,2
07133054,0.0,0.0,0.0,0.0,0.0,0.0,0.0,0.0,0.0,0.0,0.0,0.0,5214.0,5214,0.0,0.0,0.0,0.0,0.0,0.0,0.0,0.0,0.0,0.0,0.0,0.0,1.0,1
07137003,0.0,0.0,0.0,0.0,0.0,62238.0,0.0,0.0,0.0,0.0,0.0,0.0,0.0,62238,0.0,0.0,0.0,0.0,0.0,1.0,0.0,0.0,0.0,0.0,0.0,0.0,0.0,1
07137057,0.0,0.0,0.0,0.0,0.0,0.0,0.0,7294.0,0.0,0.0,0.0,0.0,0.0,7294,0.0,0.0,0.0,0.0,0.0,0.0,0.0,1.0,0.0,0.0,0.0,0.0,0.0,1
07137068,0.0,0.0,0.0,0.0,0.0,0.0,0.0,0.0,0.0,0.0,0.0,0.0,218196.0,218196,0.0,0.0,0.0,0.0,0.0,0.0,0.0,0.0,0.0,0.0,0.0,0.0,1.0,1
07138004,0.0,133135.0,0.0,0.0,0.0,0.0,0.0,0.0,0.0,0.0,0.0,0.0,0.0,133135,0.0,1.0,0.0,0.0,0.0,0.0,0.0,0.0,0.0,0.0,0.0,0.0,0.0,1
07138059,0.0,0.0,0.0,0.0,0.0,0.0,0.0,0.0,0.0,0.0,0.0,0.0,23564.0,23564,0.0,0.0,0.0,0.0,0.0,0.0,0.0,0.0,0.0,0.0,0.0,0.0,1.0,1
07141051,0.0,0.0,0.0,0.0,0.0,0.0,0.0,0.0,311796.0,0.0,0.0,0.0,0.0,311796,0.0,0.0,0.0,0.0,0.0,0.0,0.0,0.0,1.0,0.0,0.0,0.0,0.0,1
07141075,0.0,0.0,0.0,0.0,0.0,0.0,0.0,0.0,0.0,0.0,0.0,0.0,9302.0,9302,0.0,0.0,0.0,0.0,0.0,0.0,0.0,0.0,0.0,0.0,0.0,0.0,1.0,1
07143003,0.0,0.0,0.0,0.0,0.0,0.0,0.0,11539.0,0.0,0.0,0.0,0.0,0.0,11539,0.0,0.0,0.0,0.0,0.0,0.0,0.0,1.0,0.0,0.0,0.0,0.0,0.0,1
07143032,0.0,0.0,0.0,0.0,0.0,0.0,0.0,11122.0,0.0,0.0,0.0,0.0,0.0,11122,0.0,0.0,0.0,0.0,0.0,0.0,0.0,1.0,0.0,0.0,0.0,0.0,0.0,1
07143062,0.0,0.0,0.0,0.0,0.0,0.0,0.0,32123.0,0.0,0.0,0.0,0.0,0.0,32123,0.0,0.0,0.0,0.0,0.0,0.0,0.0,3.0,0.0,0.0,0.0,0.0,0.0,3
07143073,0.0,0.0,0.0,0.0,0.0,0.0,0.0,12300.0,0.0,0.0,0.0,0.0,0.0,12300,0.0,0.0,0.0,0.0,0.0,0.0,0.0,1.0,0.0,0.0,0.0,0.0,0.0,1
07143081,0.0,0.0,0.0,0.0,0.0,0.0,0.0,0.0,0.0,72154.0,0.0,0.0,0.0,72154,0.0,0.0,0.0,0.0,0.0,0.0,0.0,0.0,0.0,1.0,0.0,0.0,0.0,1
07211000,0.0,0.0,0.0,0.0,0.0,16748.0,0.0,0.0,0.0,0.0,0.0,0.0,0.0,16748,0.0,0.0,0.0,0.0,0.0,1.0,0.0,0.0,0.0,0.0,0.0,0.0,0.0,1
07231502,0.0,0.0,0.0,0.0,0.0,0.0,0.0,0.0,0.0,0.0,0.0,1075.0,0.0,1075,0.0,0.0,0.0,0.0,0.0,0.0,0.0,0.0,0.0,0.0,0.0,1.0,0.0,1
07232018,0.0,0.0,0.0,0.0,0.0,0.0,0.0,0.0,0.0,0.0,18213.0,0.0,0.0,18213,0.0,0.0,0.0,0.0,0.0,0.0,0.0,0.0,0.0,0.0,1.0,0.0,0.0,1
07232295,0.0,0.0,0.0,0.0,0.0,0.0,0.0,0.0,0.0,0.0,26910.0,0.0,0.0,26910,0.0,0.0,0.0,0.0,0.0,0.0,0.0,0.0,0.0,0.0,1.0,0.0,0.0,1
07233056,0.0,0.0,0.0,0.0,0.0,0.0,0.0,0.0,274.0,0.0,0.0,0.0,0.0,274,0.0,0.0,0.0,0.0,0.0,0.0,0.0,0.0,1.0,0.0,0.0,0.0,0.0,1
07233076,0.0,0.0,0.0,0.0,0.0,0.0,152998.0,0.0,54319.0,0.0,0.0,0.0,0.0,207317,0.0,0.0,0.0,0.0,0.0,0.0,1.0,0.0,1.0,0.0,0.0,0.0,0.0,2
07314000,1773967.0,5479800.0,25171.0,0.0,0.0,0.0,0.0,25578.0,0.0,29340.0,0.0,0.0,0.0,7333856,3.0,42.0,1.0,0.0,0.0,0.0,0.0,2.0,0.0,1.0,0.0,0.0,0.0,49
07315000,0.0,19732.0,0.0,0.0,0.0,0.0,0.0,0.0,0.0,39533.0,53679.0,0.0,6648.0,119592,0.0,1.0,0.0,0.0,0.0,0.0,0.0,0.0,0.0,2.0,1.0,0.0,1.0,5
07318000,0.0,0.0,0.0,0.0,0.0,0.0,0.0,0.0,0.0,56719.0,0.0,0.0,0.0,56719,0.0,0.0,0.0,0.0,0.0,0.0,0.0,0.0,0.0,1.0,0.0,0.0,0.0,1
07319000,0.0,291836.0,69134.0,0.0,0.0,0.0,0.0,0.0,0.0,0.0,0.0,0.0,0.0,360970,0.0,3.0,1.0,0.0,0.0,0.0,0.0,0.0,0.0,0.0,0.0,0.0,0.0,4
07331072,0.0,0.0,0.0,0.0,0.0,0.0,0.0,27631.0,0.0,0.0,0.0,0.0,0.0,27631,0.0,0.0,0.0,0.0,0.0,0.0,0.0,1.0,0.0,0.0,0.0,0.0,0.0,1
07332000,0.0,0.0,0.0,0.0,0.0,0.0,0.0,0.0,0.0,0.0,0.0,0.0,730.0,730,0.0,0.0,0.0,0.0,0.0,0.0,0.0,0.0,0.0,0.0,0.0,0.0,2.0,2
07332037,0.0,0.0,0.0,0.0,0.0,0.0,0.0,0.0,0.0,0.0,0.0,0.0,31814.0,31814,0.0,0.0,0.0,0.0,0.0,0.0,0.0,0.0,0.0,0.0,0.0,0.0,1.0,1
07332041,0.0,0.0,0.0,0.0,0.0,0.0,0.0,0.0,0.0,0.0,142764.0,0.0,0.0,142764,0.0,0.0,0.0,0.0,0.0,0.0,0.0,0.0,0.0,0.0,1.0,0.0,0.0,1
07333019,0.0,0.0,0.0,0.0,0.0,0.0,0.0,10192.0,0.0,0.0,0.0,0.0,0.0,10192,0.0,0.0,0.0,0.0,0.0,0.0,0.0,2.0,0.0,0.0,0.0,0.0,0.0,2
07333026,0.0,0.0,0.0,0.0,0.0,0.0,674629.0,0.0,0.0,0.0,0.0,0.0,0.0,674629,0.0,0.0,0.0,0.0,0.0,0.0,1.0,0.0,0.0,0.0,0.0,0.0,0.0,1
07334007,0.0,0.0,0.0,0.0,0.0,0.0,0.0,0.0,0.0,108840.0,0.0,0.0,0.0,108840,0.0,0.0,0.0,0.0,0.0,0.0,0.0,0.0,0.0,1.0,0.0,0.0,0.0,1
07334501,0.0,0.0,0.0,0.0,0.0,0.0,0.0,0.0,0.0,0.0,0.0,43784.0,25.0,43809,0.0,0.0,0.0,0.0,0.0,0.0,0.0,0.0,0.0,0.0,0.0,2.0,1.0,3
07336004,0.0,0.0,0.0,0.0,0.0,0.0,0.0,0.0,0.0,0.0,0.0,0.0,4329.0,4329,0.0,0.0,0.0,0.0,0.0,0.0,0.0,0.0,0.0,0.0,0.0,0.0,1.0,1
07337501,0.0,0.0,0.0,0.0,0.0,0.0,0.0,0.0,0.0,0.0,0.0,0.0,86062.0,86062,0.0,0.0,0.0,0.0,0.0,0.0,0.0,0.0,0.0,0.0,0.0,0.0,1.0,1
07339030,0.0,0.0,28139.0,0.0,0.0,0.0,0.0,0.0,0.0,0.0,0.0,0.0,0.0,28139,0.0,0.0,1.0,0.0,0.0,0.0,0.0,0.0,0.0,0.0,0.0,0.0,0.0,1
08115045,0.0,0.0,0.0,0.0,0.0,0.0,0.0,0.0,0.0,0.0,0.0,256466.0,0.0,256466,0.0,0.0,0.0,0.0,0.0,0.0,0.0,0.0,0.0,0.0,0.0,1.0,0.0,1
08116014,0.0,0.0,0.0,18611.0,0.0,0.0,0.0,0.0,0.0,0.0,0.0,0.0,0.0,18611,0.0,0.0,0.0,1.0,0.0,0.0,0.0,0.0,0.0,0.0,0.0,0.0,0.0,1
08116079,0.0,0.0,0.0,0.0,0.0,0.0,0.0,0.0,0.0,0.0,0.0,0.0,2471.0,2471,0.0,0.0,0.0,0.0,0.0,0.0,0.0,0.0,0.0,0.0,0.0,0.0,1.0,1
08118010,0.0,0.0,0.0,0.0,0.0,0.0,0.0,7920.0,0.0,0.0,0.0,0.0,0.0,7920,0.0,0.0,0.0,0.0,0.0,0.0,0.0,1.0,0.0,0.0,0.0,0.0,0.0,1
08125056,0.0,0.0,0.0,0.0,0.0,0.0,0.0,0.0,21634.0,0.0,0.0,0.0,0.0,21634,0.0,0.0,0.0,0.0,0.0,0.0,0.0,0.0,1.0,0.0,0.0,0.0,0.0,1
08125063,0.0,0.0,0.0,0.0,0.0,0.0,0.0,0.0,0.0,0.0,0.0,0.0,6642.0,6642,0.0,0.0,0.0,0.0,0.0,0.0,0.0,0.0,0.0,0.0,0.0,0.0,1.0,1
08125065,0.0,0.0,0.0,0.0,0.0,0.0,0.0,0.0,0.0,0.0,0.0,1298.0,0.0,1298,0.0,0.0,0.0,0.0,0.0,0.0,0.0,0.0,0.0,0.0,0.0,1.0,0.0,1
08125079,0.0,0.0,0.0,0.0,0.0,0.0,0.0,0.0,0.0,0.0,76837.0,0.0,0.0,76837,0.0,0.0,0.0,0.0,0.0,0.0,0.0,0.0,0.0,0.0,1.0,0.0,0.0,1
08125084,0.0,0.0,0.0,0.0,0.0,0.0,0.0,0.0,0.0,0.0,0.0,0.0,3162.0,3162,0.0,0.0,0.0,0.0,0.0,0.0,0.0,0.0,0.0,0.0,0.0,0.0,1.0,1
08127100,0.0,0.0,0.0,0.0,0.0,0.0,0.0,0.0,0.0,0.0,0.0,0.0,4516.0,4516,0.0,0.0,0.0,0.0,0.0,0.0,0.0,0.0,0.0,0.0,0.0,0.0,1.0,1
08128131,0.0,0.0,0.0,0.0,0.0,0.0,0.0,0.0,0.0,1473.0,0.0,0.0,0.0,1473,0.0,0.0,0.0,0.0,0.0,0.0,0.0,0.0,0.0,1.0,0.0,0.0,0.0,1
08135000,0.0,0.0,0.0,0.0,0.0,0.0,537952.0,0.0,0.0,0.0,0.0,0.0,0.0,537952,0.0,0.0,0.0,0.0,0.0,0.0,1.0,0.0,0.0,0.0,0.0,0.0,0.0,1
08136088,0.0,0.0,0.0,0.0,0.0,0.0,0.0,0.0,0.0,0.0,0.0,0.0,188201.0,188201,0.0,0.0,0.0,0.0,0.0,0.0,0.0,0.0,0.0,0.0,0.0,0.0,2.0,2
08215000,0.0,0.0,0.0,0.0,0.0,0.0,0.0,0.0,0.0,0.0,0.0,0.0,100542.0,100542,0.0,0.0,0.0,0.0,0.0,0.0,0.0,0.0,0.0,0.0,0.0,0.0,1.0,1
08215046,0.0,0.0,0.0,0.0,0.0,0.0,0.0,44455.0,0.0,0.0,0.0,0.0,0.0,44455,0.0,0.0,0.0,0.0,0.0,0.0,0.0,2.0,0.0,0.0,0.0,0.0,0.0,2
08215089,0.0,0.0,0.0,0.0,0.0,0.0,489071.0,0.0,0.0,0.0,0.0,0.0,0.0,489071,0.0,0.0,0.0,0.0,0.0,0.0,1.0,0.0,0.0,0.0,0.0,0.0,0.0,1
08215097,0.0,0.0,0.0,0.0,0.0,0.0,0.0,12065.0,0.0,0.0,0.0,0.0,0.0,12065,0.0,0.0,0.0,0.0,0.0,0.0,0.0,1.0,0.0,0.0,0.0,0.0,0.0,1
08216005,0.0,0.0,0.0,0.0,0.0,0.0,0.0,0.0,0.0,0.0,0.0,3657.0,0.0,3657,0.0,0.0,0.0,0.0,0.0,0.0,0.0,0.0,0.0,0.0,0.0,1.0,0.0,1
08216006,0.0,0.0,0.0,0.0,0.0,0.0,0.0,0.0,0.0,0.0,0.0,0.0,0.0,0,0.0,0.0,0.0,0.0,0.0,0.0,0.0,0.0,0.0,0.0,0.0,0.0,0.0,0
08216015,0.0,0.0,0.0,0.0,0.0,0.0,0.0,0.0,0.0,0.0,0.0,25036.0,0.0,25036,0.0,0.0,0.0,0.0,0.0,0.0,0.0,0.0,0.0,0.0,0.0,1.0,0.0,1
08216017,0.0,0.0,0.0,0.0,0.0,0.0,0.0,0.0,0.0,0.0,0.0,0.0,199948.0,199948,0.0,0.0,0.0,0.0,0.0,0.0,0.0,0.0,0.0,0.0,0.0,0.0,3.0,3
08216043,0.0,0.0,0.0,0.0,0.0,0.0,0.0,0.0,0.0,0.0,0.0,41160.0,0.0,41160,0.0,0.0,0.0,0.0,0.0,0.0,0.0,0.0,0.0,0.0,0.0,2.0,0.0,2
08216059,0.0,0.0,0.0,0.0,0.0,0.0,0.0,0.0,0.0,0.0,0.0,0.0,4759.0,4759,0.0,0.0,0.0,0.0,0.0,0.0,0.0,0.0,0.0,0.0,0.0,0.0,1.0,1
08222000,0.0,35064.0,0.0,0.0,0.0,0.0,0.0,0.0,0.0,43528.0,0.0,4690.0,197736.0,281018,0.0,1.0,0.0,0.0,0.0,0.0,0.0,0.0,0.0,1.0,0.0,1.0,3.0,6
08225014,0.0,0.0,0.0,0.0,0.0,0.0,0.0,8496.0,0.0,0.0,0.0,0.0,0.0,8496,0.0,0.0,0.0,0.0,0.0,0.0,0.0,1.0,0.0,0.0,0.0,0.0,0.0,1
08226013,0.0,0.0,32619.0,0.0,0.0,0.0,0.0,0.0,0.0,0.0,0.0,0.0,0.0,32619,0.0,0.0,1.0,0.0,0.0,0.0,0.0,0.0,0.0,0.0,0.0,0.0,0.0,1
08226038,0.0,17320.0,0.0,0.0,0.0,0.0,0.0,0.0,0.0,47007.0,0.0,0.0,0.0,64327,0.0,1.0,0.0,0.0,0.0,0.0,0.0,0.0,0.0,1.0,0.0,0.0,0.0,2
08226041,0.0,0.0,0.0,0.0,0.0,0.0,530483.0,0.0,0.0,0.0,0.0,0.0,0.0,530483,0.0,0.0,0.0,0.0,0.0,0.0,1.0,0.0,0.0,0.0,0.0,0.0,0.0,1
08236040,0.0,0.0,0.0,0.0,0.0,0.0,0.0,13345.0,0.0,0.0,0.0,0.0,0.0,13345,0.0,0.0,0.0,0.0,0.0,0.0,0.0,1.0,0.0,0.0,0.0,0.0,0.0,1
08237004,0.0,0.0,0.0,0.0,0.0,0.0,0.0,0.0,0.0,0.0,0.0,0.0,30158.0,30158,0.0,0.0,0.0,0.0,0.0,0.0,0.0,0.0,0.0,0.0,0.0,0.0,1.0,1
08311000,0.0,17241.0,0.0,0.0,0.0,0.0,0.0,0.0,0.0,0.0,0.0,0.0,0.0,17241,0.0,2.0,0.0,0.0,0.0,0.0,0.0,0.0,0.0,0.0,0.0,0.0,0.0,2
08315072,0.0,0.0,0.0,0.0,0.0,0.0,0.0,0.0,43294.0,0.0,0.0,0.0,0.0,43294,0.0,0.0,0.0,0.0,0.0,0.0,0.0,0.0,1.0,0.0,0.0,0.0,0.0,1
08315113,0.0,0.0,0.0,0.0,0.0,0.0,0.0,0.0,0.0,0.0,0.0,0.0,33666.0,33666,0.0,0.0,0.0,0.0,0.0,0.0,0.0,0.0,0.0,0.0,0.0,0.0,1.0,1
08317026,0.0,0.0,0.0,0.0,0.0,0.0,0.0,0.0,0.0,0.0,0.0,469.0,0.0,469,0.0,0.0,0.0,0.0,0.0,0.0,0.0,0.0,0.0,0.0,0.0,1.0,0.0,1
08317056,0.0,0.0,0.0,0.0,0.0,0.0,0.0,0.0,0.0,0.0,0.0,0.0,19003.0,19003,0.0,0.0,0.0,0.0,0.0,0.0,0.0,0.0,0.0,0.0,0.0,0.0,1.0,1
08317057,0.0,0.0,0.0,0.0,0.0,179371.0,0.0,0.0,0.0,0.0,0.0,0.0,27448.0,206819,0.0,0.0,0.0,0.0,0.0,2.0,0.0,0.0,0.0,0.0,0.0,0.0,1.0,3
08317089,0.0,0.0,0.0,0.0,0.0,0.0,0.0,0.0,0.0,0.0,0.0,0.0,144881.0,144881,0.0,0.0,0.0,0.0,0.0,0.0,0.0,0.0,0.0,0.0,0.0,0.0,2.0,2
08317096,0.0,0.0,0.0,0.0,0.0,0.0,0.0,0.0,0.0,0.0,0.0,19565.0,0.0,19565,0.0,0.0,0.0,0.0,0.0,0.0,0.0,0.0,0.0,0.0,0.0,1.0,0.0,1
08335075,0.0,0.0,0.0,39188.0,0.0,0.0,0.0,0.0,0.0,0.0,4076.0,0.0,0.0,43264,0.0,0.0,0.0,2.0,0.0,0.0,0.0,0.0,0.0,0.0,1.0,0.0,0.0,3
08336014,0.0,0.0,0.0,0.0,0.0,0.0,0.0,0.0,179910.0,0.0,0.0,0.0,0.0,179910,0.0,0.0,0.0,0.0,0.0,0.0,0.0,0.0,1.0,0.0,0.0,0.0,0.0,1
08336069,0.0,81455.0,0.0,0.0,0.0,0.0,0.0,0.0,0.0,0.0,0.0,0.0,0.0,81455,0.0,1.0,0.0,0.0,0.0,0.0,0.0,0.0,0.0,0.0,0.0,0.0,0.0,1
08415014,0.0,0.0,0.0,0.0,0.0,0.0,0.0,0.0,0.0,0.0,0.0,0.0,5433.0,5433,0.0,0.0,0.0,0.0,0.0,0.0,0.0,0.0,0.0,0.0,0.0,0.0,1.0,1
08415061,0.0,0.0,0.0,0.0,0.0,0.0,0.0,0.0,0.0,0.0,0.0,2243.0,0.0,2243,0.0,0.0,0.0,0.0,0.0,0.0,0.0,0.0,0.0,0.0,0.0,1.0,0.0,1
08417016,0.0,0.0,0.0,0.0,0.0,0.0,707981.0,0.0,0.0,0.0,0.0,0.0,0.0,707981,0.0,0.0,0.0,0.0,0.0,0.0,2.0,0.0,0.0,0.0,0.0,0.0,0.0,2
08425002,0.0,0.0,0.0,0.0,0.0,0.0,642521.0,0.0,0.0,0.0,0.0,0.0,0.0,642521,0.0,0.0,0.0,0.0,0.0,0.0,1.0,0.0,0.0,0.0,0.0,0.0,0.0,1
08425033,0.0,0.0,0.0,0.0,0.0,0.0,0.0,0.0,0.0,0.0,0.0,0.0,39334.0,39334,0.0,0.0,0.0,0.0,0.0,0.0,0.0,0.0,0.0,0.0,0.0,0.0,1.0,1
08425108,0.0,0.0,0.0,0.0,0.0,0.0,781483.0,0.0,0.0,0.0,0.0,0.0,0.0,781483,0.0,0.0,0.0,0.0,0.0,0.0,1.0,0.0,0.0,0.0,0.0,0.0,0.0,1
08425141,0.0,0.0,0.0,0.0,0.0,0.0,0.0,0.0,148774.0,0.0,0.0,0.0,0.0,148774,0.0,0.0,0.0,0.0,0.0,0.0,0.0,0.0,1.0,0.0,0.0,0.0,0.0,1
08426021,0.0,0.0,55540.0,0.0,0.0,0.0,0.0,0.0,0.0,0.0,0.0,0.0,0.0,55540,0.0,0.0,2.0,0.0,0.0,0.0,0.0,0.0,0.0,0.0,0.0,0.0,0.0,2
08435016,0.0,0.0,0.0,0.0,0.0,0.0,0.0,0.0,0.0,0.0,0.0,33131.0,0.0,33131,0.0,0.0,0.0,0.0,0.0,0.0,0.0,0.0,0.0,0.0,0.0,4.0,0.0,4
08435059,0.0,0.0,0.0,0.0,0.0,0.0,0.0,8976.0,0.0,0.0,0.0,0.0,0.0,8976,0.0,0.0,0.0,0.0,0.0,0.0,0.0,1.0,0.0,0.0,0.0,0.0,0.0,1
08436010,0.0,0.0,0.0,0.0,0.0,0.0,0.0,0.0,0.0,109977.0,0.0,0.0,0.0,109977,0.0,0.0,0.0,0.0,0.0,0.0,0.0,0.0,0.0,1.0,0.0,0.0,0.0,1
08436055,0.0,0.0,0.0,0.0,0.0,0.0,0.0,0.0,0.0,0.0,52852.0,7384.0,0.0,60236,0.0,0.0,0.0,0.0,0.0,0.0,0.0,0.0,0.0,0.0,1.0,1.0,0.0,2
09161000,0.0,0.0,0.0,0.0,0.0,0.0,0.0,0.0,0.0,0.0,0.0,77709.0,0.0,77709,0.0,0.0,0.0,0.0,0.0,0.0,0.0,0.0,0.0,0.0,0.0,2.0,0.0,2
09162000,0.0,0.0,0.0,0.0,0.0,0.0,0.0,0.0,0.0,0.0,0.0,24803.0,0.0,24803,0.0,0.0,0.0,0.0,0.0,0.0,0.0,0.0,0.0,0.0,0.0,5.0,0.0,5
09171112,0.0,95958.0,0.0,0.0,0.0,0.0,0.0,0.0,0.0,0.0,0.0,0.0,0.0,95958,0.0,6.0,0.0,0.0,0.0,0.0,0.0,0.0,0.0,0.0,0.0,0.0,0.0,6
09171113,0.0,108547.0,0.0,0.0,0.0,0.0,0.0,0.0,0.0,0.0,0.0,0.0,0.0,108547,0.0,3.0,0.0,0.0,0.0,0.0,0.0,0.0,0.0,0.0,0.0,0.0,0.0,3
09171132,0.0,0.0,0.0,41685.0,0.0,0.0,0.0,0.0,0.0,0.0,0.0,0.0,0.0,41685,0.0,0.0,0.0,1.0,0.0,0.0,0.0,0.0,0.0,0.0,0.0,0.0,0.0,1
09174000,0.0,0.0,0.0,0.0,0.0,0.0,0.0,25421.0,0.0,0.0,0.0,0.0,0.0,25421,0.0,0.0,0.0,0.0,0.0,0.0,0.0,1.0,0.0,0.0,0.0,0.0,0.0,1
09174115,0.0,0.0,0.0,0.0,0.0,0.0,0.0,2745.0,0.0,0.0,0.0,0.0,0.0,2745,0.0,0.0,0.0,0.0,0.0,0.0,0.0,1.0,0.0,0.0,0.0,0.0,0.0,1
09176124,0.0,0.0,0.0,0.0,0.0,0.0,0.0,3972.0,0.0,0.0,0.0,0.0,0.0,3972,0.0,0.0,0.0,0.0,0.0,0.0,0.0,1.0,0.0,0.0,0.0,0.0,0.0,1
09176138,0.0,0.0,0.0,0.0,0.0,0.0,0.0,0.0,0.0,32700.0,0.0,0.0,0.0,32700,0.0,0.0,0.0,0.0,0.0,0.0,0.0,0.0,0.0,1.0,0.0,0.0,0.0,1
09176153,0.0,0.0,0.0,0.0,0.0,0.0,0.0,8067.0,0.0,0.0,0.0,0.0,0.0,8067,0.0,0.0,0.0,0.0,0.0,0.0,0.0,1.0,0.0,0.0,0.0,0.0,0.0,1
09177123,0.0,0.0,0.0,0.0,0.0,0.0,0.0,19895.0,0.0,0.0,0.0,0.0,0.0,19895,0.0,0.0,0.0,0.0,0.0,0.0,0.0,1.0,0.0,0.0,0.0,0.0,0.0,1
09178122,0.0,0.0,0.0,0.0,0.0,0.0,0.0,23759.0,0.0,0.0,0.0,0.0,0.0,23759,0.0,0.0,0.0,0.0,0.0,0.0,0.0,1.0,0.0,0.0,0.0,0.0,0.0,1
09178156,0.0,0.0,0.0,0.0,0.0,0.0,0.0,7034.0,0.0,0.0,0.0,0.0,0.0,7034,0.0,0.0,0.0,0.0,0.0,0.0,0.0,1.0,0.0,0.0,0.0,0.0,0.0,1
09179117,0.0,0.0,0.0,0.0,0.0,0.0,0.0,17087.0,0.0,0.0,0.0,0.0,0.0,17087,0.0,0.0,0.0,0.0,0.0,0.0,0.0,1.0,0.0,0.0,0.0,0.0,0.0,1
09182116,0.0,0.0,0.0,0.0,0.0,0.0,0.0,0.0,0.0,0.0,0.0,0.0,9654.0,9654,0.0,0.0,0.0,0.0,0.0,0.0,0.0,0.0,0.0,0.0,0.0,0.0,1.0,1
09183129,0.0,0.0,0.0,0.0,0.0,0.0,0.0,0.0,0.0,0.0,0.0,22551.0,0.0,22551,0.0,0.0,0.0,0.0,0.0,0.0,0.0,0.0,0.0,0.0,0.0,1.0,0.0,1
09183132,0.0,0.0,0.0,0.0,0.0,0.0,0.0,5403.0,0.0,0.0,0.0,0.0,0.0,5403,0.0,0.0,0.0,0.0,0.0,0.0,0.0,1.0,0.0,0.0,0.0,0.0,0.0,1
09184139,0.0,21927.0,0.0,0.0,0.0,0.0,0.0,0.0,0.0,0.0,0.0,0.0,0.0,21927,0.0,1.0,0.0,0.0,0.0,0.0,0.0,0.0,0.0,0.0,0.0,0.0,0.0,1
09185149,0.0,0.0,0.0,0.0,0.0,0.0,0.0,4513.0,0.0,72946.0,0.0,0.0,0.0,77459,0.0,0.0,0.0,0.0,0.0,0.0,0.0,1.0,0.0,1.0,0.0,0.0,0.0,2
09185158,0.0,0.0,0.0,0.0,0.0,0.0,0.0,0.0,0.0,0.0,0.0,0.0,80196.0,80196,0.0,0.0,0.0,0.0,0.0,0.0,0.0,0.0,0.0,0.0,0.0,0.0,1.0,1
09186113,0.0,0.0,0.0,0.0,0.0,0.0,0.0,0.0,0.0,0.0,0.0,0.0,3040.0,3040,0.0,0.0,0.0,0.0,0.0,0.0,0.0,0.0,0.0,0.0,0.0,0.0,1.0,1
09186137,0.0,0.0,0.0,0.0,0.0,0.0,0.0,0.0,0.0,0.0,0.0,5125.0,0.0,5125,0.0,0.0,0.0,0.0,0.0,0.0,0.0,0.0,0.0,0.0,0.0,1.0,0.0,1
09186139,0.0,396424.0,0.0,0.0,0.0,0.0,0.0,0.0,0.0,0.0,0.0,3209.0,0.0,399633,0.0,2.0,0.0,0.0,0.0,0.0,0.0,0.0,0.0,0.0,0.0,1.0,0.0,3
09187122,0.0,0.0,0.0,0.0,0.0,0.0,0.0,0.0,0.0,0.0,0.0,0.0,7283.0,7283,0.0,0.0,0.0,0.0,0.0,0.0,0.0,0.0,0.0,0.0,0.0,0.0,1.0,1
09187130,0.0,0.0,0.0,0.0,0.0,0.0,0.0,0.0,0.0,0.0,0.0,0.0,9726.0,9726,0.0,0.0,0.0,0.0,0.0,0.0,0.0,0.0,0.0,0.0,0.0,0.0,1.0,1
09187169,0.0,0.0,0.0,0.0,0.0,0.0,806571.0,0.0,0.0,0.0,0.0,0.0,0.0,806571,0.0,0.0,0.0,0.0,0.0,0.0,1.0,0.0,0.0,0.0,0.0,0.0,0.0,1
09187182,0.0,0.0,0.0,0.0,0.0,0.0,0.0,0.0,0.0,0.0,86807.0,0.0,0.0,86807,0.0,0.0,0.0,0.0,0.0,0.0,0.0,0.0,0.0,0.0,1.0,0.0,0.0,1
09189157,0.0,0.0,0.0,0.0,0.0,0.0,0.0,0.0,0.0,0.0,0.0,0.0,47760.0,47760,0.0,0.0,0.0,0.0,0.0,0.0,0.0,0.0,0.0,0.0,0.0,0.0,1.0,1
09190141,0.0,0.0,15156.0,0.0,0.0,0.0,0.0,0.0,0.0,0.0,0.0,0.0,0.0,15156,0.0,0.0,1.0,0.0,0.0,0.0,0.0,0.0,0.0,0.0,0.0,0.0,0.0,1
09190148,0.0,0.0,0.0,0.0,0.0,0.0,0.0,0.0,0.0,0.0,0.0,0.0,949.0,949,0.0,0.0,0.0,0.0,0.0,0.0,0.0,0.0,0.0,0.0,0.0,0.0,1.0,1
09261000,0.0,0.0,0.0,32120.0,0.0,0.0,0.0,0.0,0.0,0.0,0.0,0.0,0.0,32120,0.0,0.0,0.0,1.0,0.0,0.0,0.0,0.0,0.0,0.0,0.0,0.0,0.0,1
09263000,0.0,0.0,0.0,0.0,0.0,0.0,0.0,14491.0,0.0,0.0,19987.0,0.0,0.0,34478,0.0,0.0,0.0,0.0,0.0,0.0,0.0,1.0,0.0,0.0,1.0,0.0,0.0,2
09271146,0.0,0.0,0.0,0.0,0.0,0.0,0.0,0.0,0.0,0.0,125572.0,0.0,314756.0,440328,0.0,0.0,0.0,0.0,0.0,0.0,0.0,0.0,0.0,0.0,1.0,0.0,3.0,4
09273137,0.0,0.0,139462.0,0.0,0.0,0.0,0.0,0.0,0.0,0.0,0.0,0.0,0.0,139462,0.0,0.0,1.0,0.0,0.0,0.0,0.0,0.0,0.0,0.0,0.0,0.0,0.0,1
09273159,0.0,0.0,0.0,0.0,0.0,0.0,0.0,0.0,21852.0,0.0,0.0,0.0,0.0,21852,0.0,0.0,0.0,0.0,0.0,0.0,0.0,0.0,1.0,0.0,0.0,0.0,0.0,1
09273166,0.0,0.0,0.0,0.0,0.0,0.0,0.0,0.0,296114.0,0.0,0.0,0.0,0.0,296114,0.0,0.0,0.0,0.0,0.0,0.0,0.0,0.0,1.0,0.0,0.0,0.0,0.0,1
09274121,0.0,0.0,0.0,0.0,0.0,0.0,0.0,18471.0,0.0,0.0,0.0,0.0,0.0,18471,0.0,0.0,0.0,0.0,0.0,0.0,0.0,1.0,0.0,0.0,0.0,0.0,0.0,1
09274153,0.0,0.0,0.0,0.0,0.0,0.0,0.0,41545.0,0.0,0.0,0.0,0.0,0.0,41545,0.0,0.0,0.0,0.0,0.0,0.0,0.0,2.0,0.0,0.0,0.0,0.0,0.0,2
09275122,0.0,0.0,0.0,0.0,0.0,0.0,0.0,22588.0,0.0,0.0,0.0,0.0,0.0,22588,0.0,0.0,0.0,0.0,0.0,0.0,0.0,1.0,0.0,0.0,0.0,0.0,0.0,1
09275141,0.0,123078.0,0.0,0.0,0.0,0.0,0.0,0.0,0.0,0.0,0.0,0.0,0.0,123078,0.0,1.0,0.0,0.0,0.0,0.0,0.0,0.0,0.0,0.0,0.0,0.0,0.0,1
09276121,0.0,0.0,0.0,0.0,0.0,0.0,0.0,0.0,0.0,5506.0,0.0,0.0,0.0,5506,0.0,0.0,0.0,0.0,0.0,0.0,0.0,0.0,0.0,1.0,0.0,0.0,0.0,1
09276148,0.0,0.0,0.0,0.0,0.0,0.0,0.0,0.0,0.0,28523.0,0.0,0.0,0.0,28523,0.0,0.0,0.0,0.0,0.0,0.0,0.0,0.0,0.0,1.0,0.0,0.0,0.0,1
09277154,0.0,0.0,0.0,0.0,0.0,0.0,0.0,51111.0,0.0,0.0,0.0,0.0,0.0,51111,0.0,0.0,0.0,0.0,0.0,0.0,0.0,1.0,0.0,0.0,0.0,0.0,0.0,1
09278118,0.0,0.0,0.0,0.0,0.0,0.0,0.0,9011.0,0.0,0.0,0.0,0.0,0.0,9011,0.0,0.0,0.0,0.0,0.0,0.0,0.0,1.0,0.0,0.0,0.0,0.0,0.0,1
09278177,0.0,0.0,0.0,0.0,0.0,0.0,0.0,0.0,0.0,0.0,79651.0,0.0,0.0,79651,0.0,0.0,0.0,0.0,0.0,0.0,0.0,0.0,0.0,0.0,1.0,0.0,0.0,1
09278187,0.0,0.0,0.0,0.0,0.0,0.0,0.0,11674.0,0.0,0.0,0.0,0.0,0.0,11674,0.0,0.0,0.0,0.0,0.0,0.0,0.0,1.0,0.0,0.0,0.0,0.0,0.0,1
09279112,0.0,0.0,0.0,0.0,0.0,0.0,0.0,0.0,0.0,0.0,0.0,101222.0,0.0,101222,0.0,0.0,0.0,0.0,0.0,0.0,0.0,0.0,0.0,0.0,0.0,3.0,0.0,3
09279126,0.0,0.0,0.0,0.0,0.0,0.0,0.0,30921.0,0.0,0.0,0.0,0.0,0.0,30921,0.0,0.0,0.0,0.0,0.0,0.0,0.0,5.0,0.0,0.0,0.0,0.0,0.0,5
09362000,0.0,0.0,0.0,0.0,0.0,0.0,0.0,0.0,166483.0,0.0,0.0,19919.0,0.0,186402,0.0,0.0,0.0,0.0,0.0,0.0,0.0,0.0,1.0,0.0,0.0,1.0,0.0,2
09363000,0.0,0.0,0.0,0.0,0.0,0.0,0.0,0.0,0.0,14849.0,0.0,0.0,0.0,14849,0.0,0.0,0.0,0.0,0.0,0.0,0.0,0.0,0.0,1.0,0.0,0.0,0.0,1
09371000,0.0,0.0,0.0,0.0,0.0,0.0,0.0,0.0,0.0,12072.0,0.0,0.0,0.0,12072,0.0,0.0,0.0,0.0,0.0,0.0,0.0,0.0,0.0,1.0,0.0,0.0,0.0,1
09371151,0.0,0.0,0.0,0.0,0.0,0.0,0.0,0.0,0.0,0.0,0.0,28871.0,0.0,28871,0.0,0.0,0.0,0.0,0.0,0.0,0.0,0.0,0.0,0.0,0.0,1.0,0.0,1
09371156,0.0,0.0,0.0,0.0,0.0,0.0,0.0,14846.0,0.0,0.0,0.0,0.0,0.0,14846,0.0,0.0,0.0,0.0,0.0,0.0,0.0,1.0,0.0,0.0,0.0,0.0,0.0,1
09372154,0.0,0.0,0.0,0.0,0.0,0.0,0.0,17296.0,0.0,0.0,0.0,0.0,0.0,17296,0.0,0.0,0.0,0.0,0.0,0.0,0.0,1.0,0.0,0.0,0.0,0.0,0.0,1
09372174,0.0,0.0,0.0,0.0,0.0,0.0,0.0,0.0,0.0,0.0,13522.0,0.0,0.0,13522,0.0,0.0,0.0,0.0,0.0,0.0,0.0,0.0,0.0,0.0,1.0,0.0,0.0,1
09373140,0.0,0.0,0.0,0.0,0.0,0.0,0.0,0.0,50915.0,0.0,0.0,0.0,0.0,50915,0.0,0.0,0.0,0.0,0.0,0.0,0.0,0.0,1.0,0.0,0.0,0.0,0.0,1
09374146,0.0,0.0,0.0,0.0,0.0,0.0,0.0,0.0,0.0,0.0,0.0,22784.0,0.0,22784,0.0,0.0,0.0,0.0,0.0,0.0,0.0,0.0,0.0,0.0,0.0,1.0,0.0,1
09374166,0.0,0.0,0.0,0.0,0.0,0.0,0.0,0.0,0.0,212286.0,0.0,0.0,0.0,212286,0.0,0.0,0.0,0.0,0.0,0.0,0.0,0.0,0.0,1.0,0.0,0.0,0.0,1
09375201,0.0,0.0,0.0,0.0,0.0,0.0,0.0,0.0,0.0,0.0,16927.0,0.0,0.0,16927,0.0,0.0,0.0,0.0,0.0,0.0,0.0,0.0,0.0,0.0,1.0,0.0,0.0,1
09376119,0.0,0.0,0.0,0.0,0.0,0.0,720751.0,0.0,0.0,0.0,0.0,0.0,0.0,720751,0.0,0.0,0.0,0.0,0.0,0.0,1.0,0.0,0.0,0.0,0.0,0.0,0.0,1
09376163,0.0,0.0,0.0,0.0,0.0,0.0,0.0,24034.0,0.0,0.0,0.0,0.0,0.0,24034,0.0,0.0,0.0,0.0,0.0,0.0,0.0,1.0,0.0,0.0,0.0,0.0,0.0,1
09377141,0.0,0.0,0.0,0.0,0.0,0.0,0.0,0.0,0.0,108621.0,0.0,0.0,0.0,108621,0.0,0.0,0.0,0.0,0.0,0.0,0.0,0.0,0.0,1.0,0.0,0.0,0.0,1
09471140,0.0,0.0,0.0,0.0,0.0,0.0,0.0,0.0,0.0,0.0,0.0,35719.0,0.0,35719,0.0,0.0,0.0,0.0,0.0,0.0,0.0,0.0,0.0,0.0,0.0,1.0,0.0,1
09475141,0.0,0.0,0.0,0.0,0.0,0.0,0.0,0.0,0.0,0.0,0.0,0.0,0.0,0,0.0,0.0,0.0,0.0,0.0,0.0,0.0,0.0,0.0,0.0,0.0,0.0,0.0,0
09476175,0.0,0.0,0.0,0.0,0.0,0.0,0.0,0.0,0.0,78773.0,0.0,0.0,0.0,78773,0.0,0.0,0.0,0.0,0.0,0.0,0.0,0.0,0.0,1.0,0.0,0.0,0.0,1
09476179,0.0,0.0,0.0,0.0,0.0,0.0,0.0,0.0,0.0,57961.0,0.0,0.0,0.0,57961,0.0,0.0,0.0,0.0,0.0,0.0,0.0,0.0,0.0,3.0,0.0,0.0,0.0,3
09477124,0.0,0.0,0.0,0.0,0.0,0.0,0.0,0.0,53724.0,0.0,0.0,0.0,0.0,53724,0.0,0.0,0.0,0.0,0.0,0.0,0.0,0.0,2.0,0.0,0.0,0.0,0.0,2
09479147,0.0,0.0,0.0,0.0,0.0,0.0,0.0,6753.0,0.0,0.0,0.0,0.0,0.0,6753,0.0,0.0,0.0,0.0,0.0,0.0,0.0,1.0,0.0,0.0,0.0,0.0,0.0,1
09479169,0.0,0.0,0.0,0.0,0.0,0.0,0.0,0.0,0.0,18965.0,0.0,4295.0,0.0,23260,0.0,0.0,0.0,0.0,0.0,0.0,0.0,0.0,0.0,1.0,0.0,1.0,0.0,2
09561000,0.0,0.0,0.0,0.0,0.0,0.0,0.0,20891.0,0.0,0.0,0.0,0.0,0.0,20891,0.0,0.0,0.0,0.0,0.0,0.0,0.0,1.0,0.0,0.0,0.0,0.0,0.0,1
09564000,0.0,0.0,0.0,0.0,0.0,0.0,0.0,0.0,0.0,0.0,0.0,67142.0,0.0,67142,0.0,0.0,0.0,0.0,0.0,0.0,0.0,0.0,0.0,0.0,0.0,3.0,0.0,3
09571205,0.0,0.0,0.0,0.0,0.0,0.0,0.0,0.0,25856.0,0.0,0.0,0.0,0.0,25856,0.0,0.0,0.0,0.0,0.0,0.0,0.0,0.0,1.0,0.0,0.0,0.0,0.0,1
09573120,0.0,0.0,0.0,0.0,0.0,0.0,0.0,28173.0,0.0,0.0,0.0,0.0,0.0,28173,0.0,0.0,0.0,0.0,0.0,0.0,0.0,2.0,0.0,0.0,0.0,0.0,0.0,2
09575144,0.0,0.0,0.0,0.0,0.0,0.0,0.0,0.0,0.0,0.0,0.0,2489.0,0.0,2489,0.0,0.0,0.0,0.0,0.0,0.0,0.0,0.0,0.0,0.0,0.0,1.0,0.0,1
09577168,0.0,0.0,0.0,0.0,0.0,0.0,291754.0,0.0,0.0,0.0,0.0,0.0,0.0,291754,0.0,0.0,0.0,0.0,0.0,0.0,1.0,0.0,0.0,0.0,0.0,0.0,0.0,1
09661000,0.0,0.0,0.0,0.0,0.0,0.0,0.0,0.0,0.0,0.0,0.0,0.0,0.0,0,0.0,0.0,0.0,0.0,0.0,0.0,0.0,0.0,0.0,0.0,0.0,0.0,0.0,0
09671111,0.0,0.0,0.0,0.0,0.0,0.0,0.0,10858.0,0.0,0.0,0.0,0.0,0.0,10858,0.0,0.0,0.0,0.0,0.0,0.0,0.0,1.0,0.0,0.0,0.0,0.0,0.0,1
09671155,0.0,0.0,0.0,0.0,0.0,0.0,0.0,0.0,0.0,0.0,0.0,0.0,332033.0,332033,0.0,0.0,0.0,0.0,0.0,0.0,0.0,0.0,0.0,0.0,0.0,0.0,2.0,2
09673175,0.0,0.0,0.0,0.0,0.0,0.0,0.0,16880.0,0.0,0.0,0.0,0.0,0.0,16880,0.0,0.0,0.0,0.0,0.0,0.0,0.0,1.0,0.0,0.0,0.0,0.0,0.0,1
09674133,0.0,0.0,0.0,0.0,0.0,0.0,0.0,0.0,0.0,0.0,0.0,0.0,22040.0,22040,0.0,0.0,0.0,0.0,0.0,0.0,0.0,0.0,0.0,0.0,0.0,0.0,1.0,1
09675139,0.0,0.0,0.0,0.0,0.0,0.0,0.0,0.0,59694.0,0.0,0.0,0.0,0.0,59694,0.0,0.0,0.0,0.0,0.0,0.0,0.0,0.0,1.0,0.0,0.0,0.0,0.0,1
09676134,0.0,0.0,0.0,0.0,0.0,0.0,0.0,6072.0,0.0,0.0,0.0,0.0,0.0,6072,0.0,0.0,0.0,0.0,0.0,0.0,0.0,1.0,0.0,0.0,0.0,0.0,0.0,1
09676139,0.0,0.0,0.0,0.0,0.0,0.0,0.0,0.0,0.0,0.0,0.0,0.0,18754.0,18754,0.0,0.0,0.0,0.0,0.0,0.0,0.0,0.0,0.0,0.0,0.0,0.0,1.0,1
09677148,0.0,0.0,0.0,0.0,0.0,0.0,613356.0,0.0,0.0,0.0,0.0,0.0,0.0,613356,0.0,0.0,0.0,0.0,0.0,0.0,1.0,0.0,0.0,0.0,0.0,0.0,0.0,1
09677154,0.0,0.0,0.0,0.0,0.0,0.0,728759.0,0.0,0.0,0.0,0.0,0.0,0.0,728759,0.0,0.0,0.0,0.0,0.0,0.0,1.0,0.0,0.0,0.0,0.0,0.0,0.0,1
09677155,0.0,0.0,0.0,0.0,0.0,0.0,0.0,0.0,0.0,60223.0,0.0,0.0,0.0,60223,0.0,0.0,0.0,0.0,0.0,0.0,0.0,0.0,0.0,1.0,0.0,0.0,0.0,1
09678150,0.0,0.0,0.0,0.0,0.0,0.0,0.0,5660.0,0.0,0.0,0.0,0.0,0.0,5660,0.0,0.0,0.0,0.0,0.0,0.0,0.0,1.0,0.0,0.0,0.0,0.0,0.0,1
09679170,0.0,0.0,0.0,0.0,0.0,0.0,0.0,0.0,0.0,0.0,144993.0,0.0,0.0,144993,0.0,0.0,0.0,0.0,0.0,0.0,0.0,0.0,0.0,0.0,1.0,0.0,0.0,1
09761000,0.0,0.0,0.0,0.0,0.0,0.0,0.0,0.0,0.0,15583.0,0.0,17840.0,67406.0,100829,0.0,0.0,0.0,0.0,0.0,0.0,0.0,0.0,0.0,2.0,0.0,2.0,1.0,5
09762000,0.0,0.0,0.0,0.0,0.0,0.0,0.0,0.0,0.0,0.0,0.0,0.0,27850.0,27850,0.0,0.0,0.0,0.0,0.0,0.0,0.0,0.0,0.0,0.0,0.0,0.0,1.0,1
09771113,0.0,0.0,0.0,0.0,0.0,0.0,0.0,22337.0,0.0,0.0,0.0,0.0,0.0,22337,0.0,0.0,0.0,0.0,0.0,0.0,0.0,1.0,0.0,0.0,0.0,0.0,0.0,1
09772147,0.0,0.0,0.0,0.0,0.0,0.0,0.0,9448.0,0.0,0.0,0.0,0.0,0.0,9448,0.0,0.0,0.0,0.0,0.0,0.0,0.0,1.0,0.0,0.0,0.0,0.0,0.0,1
09772177,0.0,0.0,0.0,0.0,0.0,170339.0,0.0,0.0,0.0,0.0,0.0,0.0,0.0,170339,0.0,0.0,0.0,0.0,0.0,1.0,0.0,0.0,0.0,0.0,0.0,0.0,0.0,1
09772200,0.0,0.0,0.0,0.0,0.0,0.0,0.0,10196.0,0.0,0.0,0.0,0.0,0.0,10196,0.0,0.0,0.0,0.0,0.0,0.0,0.0,2.0,0.0,0.0,0.0,0.0,0.0,2
09773182,0.0,0.0,0.0,0.0,0.0,0.0,0.0,16500.0,0.0,0.0,0.0,0.0,0.0,16500,0.0,0.0,0.0,0.0,0.0,0.0,0.0,2.0,0.0,0.0,0.0,0.0,0.0,2
09774115,0.0,0.0,0.0,0.0,0.0,0.0,0.0,27534.0,0.0,0.0,0.0,0.0,0.0,27534,0.0,0.0,0.0,0.0,0.0,0.0,0.0,1.0,0.0,0.0,0.0,0.0,0.0,1
09774143,0.0,0.0,0.0,0.0,0.0,0.0,0.0,10013.0,0.0,0.0,0.0,0.0,0.0,10013,0.0,0.0,0.0,0.0,0.0,0.0,0.0,1.0,0.0,0.0,0.0,0.0,0.0,1
09775115,0.0,0.0,0.0,0.0,0.0,0.0,0.0,26937.0,0.0,0.0,0.0,0.0,0.0,26937,0.0,0.0,0.0,0.0,0.0,0.0,0.0,1.0,0.0,0.0,0.0,0.0,0.0,1
09775162,0.0,0.0,0.0,7743.0,0.0,0.0,0.0,0.0,0.0,0.0,0.0,0.0,0.0,7743,0.0,0.0,0.0,1.0,0.0,0.0,0.0,0.0,0.0,0.0,0.0,0.0,0.0,1
09777138,0.0,0.0,0.0,0.0,0.0,0.0,0.0,0.0,0.0,0.0,0.0,0.0,26662.0,26662,0.0,0.0,0.0,0.0,0.0,0.0,0.0,0.0,0.0,0.0,0.0,0.0,2.0,2
09777173,0.0,0.0,0.0,0.0,0.0,0.0,0.0,0.0,0.0,0.0,0.0,0.0,8022.0,8022,0.0,0.0,0.0,0.0,0.0,0.0,0.0,0.0,0.0,0.0,0.0,0.0,1.0,1
09778115,0.0,0.0,0.0,0.0,0.0,0.0,0.0,43276.0,0.0,0.0,0.0,0.0,0.0,43276,0.0,0.0,0.0,0.0,0.0,0.0,0.0,1.0,0.0,0.0,0.0,0.0,0.0,1
09778137,0.0,0.0,0.0,0.0,0.0,0.0,0.0,0.0,0.0,0.0,0.0,0.0,97965.0,97965,0.0,0.0,0.0,0.0,0.0,0.0,0.0,0.0,0.0,0.0,0.0,0.0,1.0,1
09778163,0.0,0.0,0.0,0.0,0.0,0.0,0.0,0.0,0.0,0.0,26317.0,0.0,0.0,26317,0.0,0.0,0.0,0.0,0.0,0.0,0.0,0.0,0.0,0.0,1.0,0.0,0.0,1
09779131,0.0,0.0,0.0,0.0,0.0,0.0,0.0,15813.0,0.0,0.0,0.0,4860.0,0.0,20673,0.0,0.0,0.0,0.0,0.0,0.0,0.0,1.0,0.0,0.0,0.0,1.0,0.0,2
09779155,0.0,0.0,0.0,0.0,0.0,0.0,645496.0,0.0,167821.0,0.0,0.0,0.0,0.0,813317,0.0,0.0,0.0,0.0,0.0,0.0,1.0,0.0,1.0,0.0,0.0,0.0,0.0,2
10041100,0.0,0.0,0.0,0.0,0.0,0.0,0.0,0.0,0.0,0.0,0.0,9456.0,0.0,9456,0.0,0.0,0.0,0.0,0.0,0.0,0.0,0.0,0.0,0.0,0.0,1.0,0.0,1
10041513,0.0,0.0,0.0,0.0,0.0,0.0,0.0,0.0,0.0,0.0,0.0,10066.0,0.0,10066,0.0,0.0,0.0,0.0,0.0,0.0,0.0,0.0,0.0,0.0,0.0,1.0,0.0,1
10041519,0.0,0.0,0.0,0.0,277265.0,393697.0,0.0,0.0,0.0,0.0,0.0,0.0,0.0,670962,0.0,0.0,0.0,0.0,1.0,7.0,0.0,0.0,0.0,0.0,0.0,0.0,0.0,8
10042112,0.0,0.0,0.0,0.0,0.0,0.0,0.0,0.0,0.0,0.0,0.0,2094.0,0.0,2094,0.0,0.0,0.0,0.0,0.0,0.0,0.0,0.0,0.0,0.0,0.0,1.0,0.0,1
10042113,0.0,0.0,0.0,0.0,0.0,0.0,0.0,25275.0,0.0,0.0,0.0,0.0,0.0,25275,0.0,0.0,0.0,0.0,0.0,0.0,0.0,1.0,0.0,0.0,0.0,0.0,0.0,1
10044111,0.0,0.0,0.0,48081.0,5237703.0,1137548.0,0.0,0.0,0.0,0.0,0.0,0.0,0.0,6423332,0.0,0.0,0.0,1.0,3.0,3.0,0.0,0.0,0.0,0.0,0.0,0.0,0.0,7
10044122,0.0,0.0,0.0,0.0,0.0,23385.0,0.0,0.0,0.0,0.0,0.0,0.0,0.0,23385,0.0,0.0,0.0,0.0,0.0,1.0,0.0,0.0,0.0,0.0,0.0,0.0,0.0,1
10045114,0.0,0.0,0.0,0.0,0.0,0.0,0.0,0.0,0.0,0.0,22973.0,49999.0,0.0,72972,0.0,0.0,0.0,0.0,0.0,0.0,0.0,0.0,0.0,0.0,1.0,1.0,0.0,2
11000000,0.0,0.0,41353.0,0.0,0.0,0.0,0.0,0.0,0.0,0.0,27924.0,12874.0,0.0,82151,0.0,0.0,1.0,0.0,0.0,0.0,0.0,0.0,0.0,0.0,2.0,2.0,0.0,5
12000000,0.0,0.0,0.0,0.0,0.0,169679.0,0.0,0.0,0.0,0.0,0.0,0.0,0.0,169679,0.0,0.0,0.0,0.0,0.0,2.0,0.0,0.0,0.0,0.0,0.0,0.0,0.0,2
12062293,0.0,0.0,0.0,0.0,0.0,0.0,0.0,7268.0,0.0,0.0,0.0,0.0,0.0,7268,0.0,0.0,0.0,0.0,0.0,0.0,0.0,1.0,0.0,0.0,0.0,0.0,0.0,1
12062341,0.0,0.0,0.0,0.0,0.0,0.0,0.0,0.0,0.0,0.0,72412.0,0.0,0.0,72412,0.0,0.0,0.0,0.0,0.0,0.0,0.0,0.0,0.0,0.0,1.0,0.0,0.0,1
12062453,0.0,0.0,0.0,0.0,0.0,0.0,0.0,0.0,0.0,6035.0,0.0,0.0,0.0,6035,0.0,0.0,0.0,0.0,0.0,0.0,0.0,0.0,0.0,1.0,0.0,0.0,0.0,1
12063036,0.0,0.0,0.0,0.0,0.0,0.0,0.0,0.0,41991.0,0.0,0.0,0.0,0.0,41991,0.0,0.0,0.0,0.0,0.0,0.0,0.0,0.0,1.0,0.0,0.0,0.0,0.0,1
12064336,0.0,0.0,0.0,0.0,0.0,0.0,0.0,0.0,0.0,39660.0,0.0,0.0,0.0,39660,0.0,0.0,0.0,0.0,0.0,0.0,0.0,0.0,0.0,1.0,0.0,0.0,0.0,1
12064428,0.0,0.0,0.0,0.0,0.0,0.0,1140546.0,0.0,199807.0,0.0,0.0,0.0,0.0,1340353,0.0,0.0,0.0,0.0,0.0,0.0,1.0,0.0,1.0,0.0,0.0,0.0,0.0,2
12065136,0.0,0.0,0.0,0.0,0.0,93088.0,0.0,0.0,0.0,0.0,0.0,0.0,0.0,93088,0.0,0.0,0.0,0.0,0.0,2.0,0.0,0.0,0.0,0.0,0.0,0.0,0.0,2
12066052,0.0,0.0,0.0,0.0,0.0,0.0,0.0,15753.0,0.0,0.0,0.0,0.0,0.0,15753,0.0,0.0,0.0,0.0,0.0,0.0,0.0,1.0,0.0,0.0,0.0,0.0,0.0,1
12066320,0.0,0.0,0.0,0.0,0.0,0.0,0.0,27097.0,0.0,0.0,0.0,0.0,0.0,27097,0.0,0.0,0.0,0.0,0.0,0.0,0.0,1.0,0.0,0.0,0.0,0.0,0.0,1
12067036,0.0,0.0,0.0,0.0,0.0,0.0,0.0,0.0,0.0,0.0,0.0,16287.0,0.0,16287,0.0,0.0,0.0,0.0,0.0,0.0,0.0,0.0,0.0,0.0,0.0,1.0,0.0,1
12067120,0.0,0.0,0.0,0.0,1446767.0,197874.0,0.0,0.0,153036.0,0.0,0.0,0.0,9.0,1797686,0.0,0.0,0.0,0.0,1.0,3.0,0.0,0.0,1.0,0.0,0.0,0.0,1.0,6
12068181,0.0,0.0,0.0,0.0,0.0,0.0,0.0,0.0,0.0,0.0,0.0,89902.0,0.0,89902,0.0,0.0,0.0,0.0,0.0,0.0,0.0,0.0,0.0,0.0,0.0,1.0,0.0,1
12068264,0.0,0.0,0.0,0.0,0.0,0.0,0.0,0.0,0.0,0.0,16674.0,0.0,0.0,16674,0.0,0.0,0.0,0.0,0.0,0.0,0.0,0.0,0.0,0.0,1.0,0.0,0.0,1
12069656,0.0,0.0,0.0,0.0,0.0,0.0,0.0,0.0,0.0,0.0,30387.0,0.0,0.0,30387,0.0,0.0,0.0,0.0,0.0,0.0,0.0,0.0,0.0,0.0,2.0,0.0,0.0,2
12070145,0.0,0.0,0.0,0.0,0.0,0.0,0.0,49223.0,0.0,0.0,0.0,0.0,0.0,49223,0.0,0.0,0.0,0.0,0.0,0.0,0.0,1.0,0.0,0.0,0.0,0.0,0.0,1
12070173,0.0,0.0,0.0,0.0,0.0,0.0,0.0,17859.0,0.0,0.0,0.0,0.0,0.0,17859,0.0,0.0,0.0,0.0,0.0,0.0,0.0,1.0,0.0,0.0,0.0,0.0,0.0,1
12071057,0.0,0.0,0.0,0.0,0.0,0.0,0.0,0.0,0.0,47509.0,0.0,0.0,0.0,47509,0.0,0.0,0.0,0.0,0.0,0.0,0.0,0.0,0.0,1.0,0.0,0.0,0.0,1
12071160,0.0,0.0,0.0,0.0,0.0,0.0,0.0,0.0,0.0,0.0,0.0,0.0,0.0,0,0.0,0.0,0.0,0.0,0.0,0.0,0.0,0.0,0.0,0.0,0.0,0.0,0.0,0
12071304,0.0,0.0,0.0,0.0,0.0,0.0,0.0,0.0,21025.0,0.0,0.0,0.0,0.0,21025,0.0,0.0,0.0,0.0,0.0,0.0,0.0,0.0,1.0,0.0,0.0,0.0,0.0,1
12071372,0.0,0.0,0.0,0.0,0.0,0.0,0.0,0.0,34345.0,0.0,0.0,0.0,1714.0,36059,0.0,0.0,0.0,0.0,0.0,0.0,0.0,0.0,1.0,0.0,0.0,0.0,1.0,2
12071392,0.0,0.0,0.0,0.0,0.0,0.0,0.0,0.0,0.0,38803.0,0.0,0.0,0.0,38803,0.0,0.0,0.0,0.0,0.0,0.0,0.0,0.0,0.0,1.0,0.0,0.0,0.0,1
12072014,0.0,0.0,0.0,0.0,0.0,0.0,0.0,0.0,0.0,0.0,0.0,2815.0,0.0,2815,0.0,0.0,0.0,0.0,0.0,0.0,0.0,0.0,0.0,0.0,0.0,1.0,0.0,1
12072017,0.0,0.0,0.0,0.0,0.0,0.0,0.0,0.0,0.0,0.0,0.0,19019.0,0.0,19019,0.0,0.0,0.0,0.0,0.0,0.0,0.0,0.0,0.0,0.0,0.0,1.0,0.0,1
12072240,0.0,0.0,0.0,0.0,0.0,0.0,0.0,0.0,0.0,0.0,0.0,8928.0,0.0,8928,0.0,0.0,0.0,0.0,0.0,0.0,0.0,0.0,0.0,0.0,0.0,4.0,0.0,4
12073532,0.0,0.0,0.0,0.0,0.0,0.0,0.0,0.0,0.0,0.0,0.0,0.0,51629.0,51629,0.0,0.0,0.0,0.0,0.0,0.0,0.0,0.0,0.0,0.0,0.0,0.0,1.0,1
13003000,0.0,0.0,0.0,0.0,0.0,0.0,0.0,0.0,0.0,0.0,0.0,6479.0,0.0,6479,0.0,0.0,0.0,0.0,0.0,0.0,0.0,0.0,0.0,0.0,0.0,1.0,0.0,1
13071092,0.0,0.0,0.0,0.0,0.0,0.0,0.0,0.0,0.0,0.0,8453.0,0.0,0.0,8453,0.0,0.0,0.0,0.0,0.0,0.0,0.0,0.0,0.0,0.0,1.0,0.0,0.0,1
13072081,163475.0,0.0,0.0,0.0,0.0,0.0,0.0,0.0,0.0,0.0,0.0,0.0,0.0,163475,1.0,0.0,0.0,0.0,0.0,0.0,0.0,0.0,0.0,0.0,0.0,0.0,0.0,1
13074087,0.0,4579.0,0.0,0.0,0.0,0.0,0.0,0.0,0.0,0.0,0.0,26848.0,0.0,31427,0.0,1.0,0.0,0.0,0.0,0.0,0.0,0.0,0.0,0.0,0.0,2.0,0.0,3
13075005,0.0,0.0,0.0,0.0,0.0,0.0,0.0,0.0,0.0,0.0,82789.0,0.0,0.0,82789,0.0,0.0,0.0,0.0,0.0,0.0,0.0,0.0,0.0,0.0,1.0,0.0,0.0,1
13075120,0.0,0.0,0.0,0.0,0.0,0.0,0.0,0.0,0.0,0.0,0.0,22584.0,0.0,22584,0.0,0.0,0.0,0.0,0.0,0.0,0.0,0.0,0.0,0.0,0.0,1.0,0.0,1
13076089,0.0,0.0,0.0,0.0,0.0,0.0,0.0,0.0,0.0,23203.0,0.0,0.0,0.0,23203,0.0,0.0,0.0,0.0,0.0,0.0,0.0,0.0,0.0,1.0,0.0,0.0,0.0,1
13076103,0.0,0.0,0.0,0.0,0.0,0.0,0.0,0.0,0.0,0.0,0.0,0.0,6226.0,6226,0.0,0.0,0.0,0.0,0.0,0.0,0.0,0.0,0.0,0.0,0.0,0.0,1.0,1
14521020,0.0,0.0,0.0,0.0,0.0,0.0,0.0,0.0,0.0,0.0,0.0,0.0,2021.0,2021,0.0,0.0,0.0,0.0,0.0,0.0,0.0,0.0,0.0,0.0,0.0,0.0,1.0,1
14521270,0.0,0.0,0.0,0.0,0.0,0.0,0.0,0.0,0.0,0.0,0.0,0.0,13756.0,13756,0.0,0.0,0.0,0.0,0.0,0.0,0.0,0.0,0.0,0.0,0.0,0.0,1.0,1
14521550,0.0,0.0,0.0,0.0,0.0,0.0,0.0,0.0,0.0,0.0,0.0,0.0,21310.0,21310,0.0,0.0,0.0,0.0,0.0,0.0,0.0,0.0,0.0,0.0,0.0,0.0,1.0,1
14521620,0.0,0.0,0.0,0.0,0.0,0.0,0.0,0.0,0.0,122437.0,0.0,0.0,2498.0,124935,0.0,0.0,0.0,0.0,0.0,0.0,0.0,0.0,0.0,1.0,0.0,0.0,1.0,2
14522180,0.0,0.0,0.0,93915.0,0.0,0.0,0.0,0.0,0.0,0.0,0.0,0.0,0.0,93915,0.0,0.0,0.0,1.0,0.0,0.0,0.0,0.0,0.0,0.0,0.0,0.0,0.0,1
14522300,0.0,0.0,0.0,0.0,0.0,0.0,0.0,0.0,0.0,0.0,0.0,0.0,86565.0,86565,0.0,0.0,0.0,0.0,0.0,0.0,0.0,0.0,0.0,0.0,0.0,0.0,2.0,2
14522310,0.0,0.0,0.0,0.0,0.0,0.0,0.0,30889.0,0.0,0.0,0.0,0.0,0.0,30889,0.0,0.0,0.0,0.0,0.0,0.0,0.0,1.0,0.0,0.0,0.0,0.0,0.0,1
14522350,0.0,0.0,0.0,0.0,0.0,0.0,0.0,0.0,0.0,0.0,0.0,0.0,2060.0,2060,0.0,0.0,0.0,0.0,0.0,0.0,0.0,0.0,0.0,0.0,0.0,0.0,1.0,1
14522460,0.0,0.0,0.0,0.0,0.0,0.0,0.0,26882.0,0.0,0.0,0.0,0.0,15039.0,41921,0.0,0.0,0.0,0.0,0.0,0.0,0.0,1.0,0.0,0.0,0.0,0.0,1.0,2
14522590,0.0,0.0,0.0,0.0,0.0,0.0,0.0,0.0,0.0,0.0,0.0,0.0,87645.0,87645,0.0,0.0,0.0,0.0,0.0,0.0,0.0,0.0,0.0,0.0,0.0,0.0,1.0,1
14524330,0.0,0.0,0.0,0.0,0.0,0.0,0.0,20488.0,0.0,0.0,0.0,40103.0,0.0,60591,0.0,0.0,0.0,0.0,0.0,0.0,0.0,1.0,0.0,0.0,0.0,1.0,0.0,2
14612000,0.0,0.0,0.0,0.0,0.0,0.0,0.0,0.0,0.0,11875.0,0.0,0.0,0.0,11875,0.0,0.0,0.0,0.0,0.0,0.0,0.0,0.0,0.0,1.0,0.0,0.0,0.0,1
14625030,0.0,0.0,0.0,0.0,0.0,0.0,0.0,0.0,0.0,14174.0,0.0,0.0,0.0,14174,0.0,0.0,0.0,0.0,0.0,0.0,0.0,0.0,0.0,1.0,0.0,0.0,0.0,1
14625340,0.0,0.0,0.0,0.0,0.0,0.0,0.0,15387.0,0.0,0.0,0.0,0.0,0.0,15387,0.0,0.0,0.0,0.0,0.0,0.0,0.0,1.0,0.0,0.0,0.0,0.0,0.0,1
14625460,0.0,0.0,0.0,0.0,0.0,0.0,0.0,6916.0,0.0,0.0,0.0,0.0,0.0,6916,0.0,0.0,0.0,0.0,0.0,0.0,0.0,1.0,0.0,0.0,0.0,0.0,0.0,1
14625600,0.0,0.0,0.0,0.0,0.0,0.0,0.0,0.0,0.0,0.0,141104.0,0.0,0.0,141104,0.0,0.0,0.0,0.0,0.0,0.0,0.0,0.0,0.0,0.0,2.0,0.0,0.0,2
14626520,0.0,0.0,0.0,0.0,0.0,0.0,0.0,4692.0,0.0,0.0,0.0,0.0,0.0,4692,0.0,0.0,0.0,0.0,0.0,0.0,0.0,1.0,0.0,0.0,0.0,0.0,0.0,1
14626570,0.0,0.0,0.0,0.0,0.0,0.0,0.0,12338.0,0.0,0.0,0.0,0.0,0.0,12338,0.0,0.0,0.0,0.0,0.0,0.0,0.0,1.0,0.0,0.0,0.0,0.0,0.0,1
14626600,0.0,0.0,0.0,0.0,0.0,0.0,0.0,0.0,0.0,19021.0,0.0,0.0,0.0,19021,0.0,0.0,0.0,0.0,0.0,0.0,0.0,0.0,0.0,1.0,0.0,0.0,0.0,1
14627040,0.0,0.0,0.0,0.0,0.0,8936.0,0.0,0.0,0.0,0.0,0.0,0.0,0.0,8936,0.0,0.0,0.0,0.0,0.0,1.0,0.0,0.0,0.0,0.0,0.0,0.0,0.0,1
14627050,0.0,0.0,0.0,0.0,0.0,69929.0,0.0,0.0,0.0,0.0,0.0,0.0,0.0,69929,0.0,0.0,0.0,0.0,0.0,3.0,0.0,0.0,0.0,0.0,0.0,0.0,0.0,3
14627110,0.0,0.0,0.0,0.0,0.0,0.0,0.0,0.0,0.0,0.0,0.0,30339.0,0.0,30339,0.0,0.0,0.0,0.0,0.0,0.0,0.0,0.0,0.0,0.0,0.0,1.0,0.0,1
14627140,0.0,0.0,0.0,0.0,0.0,0.0,0.0,8365.0,0.0,0.0,0.0,0.0,0.0,8365,0.0,0.0,0.0,0.0,0.0,0.0,0.0,1.0,0.0,0.0,0.0,0.0,0.0,1
14627190,0.0,67426.0,0.0,0.0,0.0,0.0,0.0,0.0,0.0,0.0,0.0,0.0,0.0,67426,0.0,1.0,0.0,0.0,0.0,0.0,0.0,0.0,0.0,0.0,0.0,0.0,0.0,1
14627230,0.0,0.0,0.0,0.0,0.0,71433.0,0.0,0.0,0.0,0.0,0.0,0.0,0.0,71433,0.0,0.0,0.0,0.0,0.0,2.0,0.0,0.0,0.0,0.0,0.0,0.0,0.0,2
14628110,0.0,0.0,0.0,0.0,0.0,32621.0,0.0,20722.0,0.0,0.0,0.0,0.0,13.0,53356,0.0,0.0,0.0,0.0,0.0,2.0,0.0,1.0,0.0,0.0,0.0,0.0,1.0,4
14628160,0.0,0.0,0.0,0.0,0.0,0.0,0.0,0.0,0.0,0.0,0.0,0.0,29521.0,29521,0.0,0.0,0.0,0.0,0.0,0.0,0.0,0.0,0.0,0.0,0.0,0.0,1.0,1
14628210,0.0,0.0,0.0,0.0,0.0,0.0,0.0,0.0,0.0,0.0,0.0,0.0,11170.0,11170,0.0,0.0,0.0,0.0,0.0,0.0,0.0,0.0,0.0,0.0,0.0,0.0,1.0,1
14713000,0.0,0.0,0.0,0.0,0.0,0.0,0.0,0.0,0.0,0.0,0.0,36807.0,0.0,36807,0.0,0.0,0.0,0.0,0.0,0.0,0.0,0.0,0.0,0.0,0.0,1.0,0.0,1
14729040,0.0,1377169.0,0.0,0.0,0.0,0.0,0.0,0.0,22813.0,0.0,0.0,0.0,0.0,1399982,0.0,5.0,0.0,0.0,0.0,0.0,0.0,0.0,1.0,0.0,0.0,0.0,0.0,6
14729150,0.0,0.0,0.0,0.0,0.0,0.0,0.0,7870.0,0.0,0.0,0.0,0.0,0.0,7870,0.0,0.0,0.0,0.0,0.0,0.0,0.0,1.0,0.0,0.0,0.0,0.0,0.0,1
14729400,0.0,0.0,0.0,0.0,0.0,0.0,0.0,0.0,0.0,0.0,0.0,0.0,49188.0,49188,0.0,0.0,0.0,0.0,0.0,0.0,0.0,0.0,0.0,0.0,0.0,0.0,1.0,1
14729410,0.0,0.0,0.0,0.0,0.0,0.0,0.0,0.0,0.0,47643.0,0.0,0.0,0.0,47643,0.0,0.0,0.0,0.0,0.0,0.0,0.0,0.0,0.0,1.0,0.0,0.0,0.0,1
14730070,0.0,0.0,0.0,0.0,0.0,0.0,0.0,0.0,0.0,20874.0,0.0,0.0,0.0,20874,0.0,0.0,0.0,0.0,0.0,0.0,0.0,0.0,0.0,1.0,0.0,0.0,0.0,1
14730110,0.0,0.0,0.0,0.0,0.0,0.0,0.0,0.0,0.0,0.0,0.0,0.0,167456.0,167456,0.0,0.0,0.0,0.0,0.0,0.0,0.0,0.0,0.0,0.0,0.0,0.0,1.0,1
14730230,0.0,0.0,0.0,0.0,0.0,0.0,0.0,0.0,0.0,10052.0,0.0,0.0,0.0,10052,0.0,0.0,0.0,0.0,0.0,0.0,0.0,0.0,0.0,1.0,0.0,0.0,0.0,1
14730250,0.0,0.0,0.0,19125.0,0.0,0.0,0.0,0.0,0.0,0.0,0.0,0.0,0.0,19125,0.0,0.0,0.0,1.0,0.0,0.0,0.0,0.0,0.0,0.0,0.0,0.0,0.0,1
14730310,0.0,0.0,0.0,0.0,0.0,0.0,0.0,0.0,0.0,111514.0,0.0,0.0,0.0,111514,0.0,0.0,0.0,0.0,0.0,0.0,0.0,0.0,0.0,1.0,0.0,0.0,0.0,1
15003000,0.0,0.0,0.0,0.0,0.0,0.0,0.0,0.0,0.0,0.0,0.0,939.0,0.0,939,0.0,0.0,0.0,0.0,0.0,0.0,0.0,0.0,0.0,0.0,0.0,1.0,0.0,1
15081135,0.0,0.0,0.0,0.0,0.0,0.0,0.0,0.0,0.0,35942.0,0.0,0.0,0.0,35942,0.0,0.0,0.0,0.0,0.0,0.0,0.0,0.0,0.0,1.0,0.0,0.0,0.0,1
15082440,0.0,31183.0,0.0,0.0,0.0,0.0,0.0,0.0,0.0,0.0,0.0,0.0,0.0,31183,0.0,1.0,0.0,0.0,0.0,0.0,0.0,0.0,0.0,0.0,0.0,0.0,0.0,1
15083270,0.0,0.0,0.0,0.0,0.0,0.0,0.0,0.0,0.0,124544.0,0.0,0.0,0.0,124544,0.0,0.0,0.0,0.0,0.0,0.0,0.0,0.0,0.0,1.0,0.0,0.0,0.0,1
15083390,0.0,0.0,0.0,0.0,0.0,0.0,0.0,42839.0,0.0,0.0,0.0,0.0,0.0,42839,0.0,0.0,0.0,0.0,0.0,0.0,0.0,1.0,0.0,0.0,0.0,0.0,0.0,1
15083415,0.0,0.0,0.0,0.0,0.0,0.0,0.0,0.0,0.0,0.0,4091.0,0.0,0.0,4091,0.0,0.0,0.0,0.0,0.0,0.0,0.0,0.0,0.0,0.0,1.0,0.0,0.0,1
15083490,0.0,0.0,0.0,0.0,0.0,0.0,0.0,0.0,0.0,271906.0,0.0,0.0,0.0,271906,0.0,0.0,0.0,0.0,0.0,0.0,0.0,0.0,0.0,2.0,0.0,0.0,0.0,2
15083531,0.0,0.0,0.0,0.0,0.0,0.0,0.0,0.0,0.0,0.0,107887.0,0.0,0.0,107887,0.0,0.0,0.0,0.0,0.0,0.0,0.0,0.0,0.0,0.0,1.0,0.0,0.0,1
15083535,0.0,0.0,0.0,0.0,0.0,0.0,0.0,30076.0,0.0,0.0,0.0,0.0,0.0,30076,0.0,0.0,0.0,0.0,0.0,0.0,0.0,1.0,0.0,0.0,0.0,0.0,0.0,1
15083580,207746.0,0.0,0.0,0.0,0.0,0.0,0.0,0.0,0.0,0.0,0.0,0.0,0.0,207746,2.0,0.0,0.0,0.0,0.0,0.0,0.0,0.0,0.0,0.0,0.0,0.0,0.0,2
15084130,0.0,85998.0,0.0,0.0,0.0,0.0,0.0,0.0,0.0,0.0,0.0,0.0,0.0,85998,0.0,1.0,0.0,0.0,0.0,0.0,0.0,0.0,0.0,0.0,0.0,0.0,0.0,1
15084250,0.0,0.0,0.0,0.0,0.0,0.0,903374.0,0.0,0.0,0.0,0.0,0.0,0.0,903374,0.0,0.0,0.0,0.0,0.0,0.0,1.0,0.0,0.0,0.0,0.0,0.0,0.0,1
15084590,0.0,437605.0,0.0,0.0,0.0,0.0,0.0,0.0,0.0,0.0,283017.0,0.0,0.0,720622,0.0,1.0,0.0,0.0,0.0,0.0,0.0,0.0,0.0,0.0,1.0,0.0,0.0,2
15085190,0.0,0.0,0.0,0.0,0.0,88727.0,0.0,0.0,0.0,0.0,0.0,0.0,0.0,88727,0.0,0.0,0.0,0.0,0.0,1.0,0.0,0.0,0.0,0.0,0.0,0.0,0.0,1
15085228,0.0,0.0,0.0,0.0,0.0,0.0,0.0,0.0,929397.0,0.0,0.0,0.0,0.0,929397,0.0,0.0,0.0,0.0,0.0,0.0,0.0,0.0,7.0,0.0,0.0,0.0,0.0,7
15086015,0.0,0.0,0.0,0.0,0.0,0.0,0.0,0.0,0.0,0.0,0.0,0.0,6.0,6,0.0,0.0,0.0,0.0,0.0,0.0,0.0,0.0,0.0,0.0,0.0,0.0,1.0,1
15086040,0.0,0.0,0.0,0.0,0.0,0.0,0.0,0.0,0.0,0.0,10824.0,0.0,0.0,10824,0.0,0.0,0.0,0.0,0.0,0.0,0.0,0.0,0.0,0.0,1.0,0.0,0.0,1
15087220,0.0,0.0,0.0,9430.0,0.0,0.0,0.0,0.0,0.0,0.0,0.0,0.0,0.0,9430,0.0,0.0,0.0,1.0,0.0,0.0,0.0,0.0,0.0,0.0,0.0,0.0,0.0,1
15088205,0.0,758652.0,0.0,0.0,0.0,0.0,0.0,0.0,0.0,0.0,0.0,0.0,14516.0,773168,0.0,9.0,0.0,0.0,0.0,0.0,0.0,0.0,0.0,0.0,0.0,0.0,1.0,10
15088330,0.0,159242.0,0.0,0.0,0.0,0.0,0.0,0.0,0.0,0.0,0.0,0.0,0.0,159242,0.0,7.0,0.0,0.0,0.0,0.0,0.0,0.0,0.0,0.0,0.0,0.0,0.0,7
15089026,0.0,0.0,0.0,0.0,0.0,0.0,0.0,0.0,0.0,0.0,128976.0,0.0,0.0,128976,0.0,0.0,0.0,0.0,0.0,0.0,0.0,0.0,0.0,0.0,1.0,0.0,0.0,1
15089030,0.0,191795.0,0.0,0.0,0.0,0.0,683600.0,0.0,0.0,30554.0,0.0,0.0,0.0,905949,0.0,1.0,0.0,0.0,0.0,0.0,1.0,0.0,0.0,1.0,0.0,0.0,0.0,3
15089195,0.0,0.0,0.0,0.0,0.0,0.0,0.0,0.0,0.0,0.0,109999.0,0.0,0.0,109999,0.0,0.0,0.0,0.0,0.0,0.0,0.0,0.0,0.0,0.0,1.0,0.0,0.0,1
15089307,0.0,0.0,0.0,128686.0,0.0,0.0,0.0,0.0,0.0,0.0,0.0,0.0,0.0,128686,0.0,0.0,0.0,2.0,0.0,0.0,0.0,0.0,0.0,0.0,0.0,0.0,0.0,2
15089310,0.0,130244.0,0.0,0.0,0.0,0.0,0.0,0.0,0.0,0.0,0.0,0.0,0.0,130244,0.0,1.0,0.0,0.0,0.0,0.0,0.0,0.0,0.0,0.0,0.0,0.0,0.0,1
15090010,0.0,0.0,0.0,0.0,0.0,0.0,0.0,0.0,0.0,0.0,0.0,0.0,102000.0,102000,0.0,0.0,0.0,0.0,0.0,0.0,0.0,0.0,0.0,0.0,0.0,0.0,2.0,2
15091020,0.0,0.0,0.0,0.0,0.0,0.0,0.0,19495.0,0.0,0.0,0.0,0.0,0.0,19495,0.0,0.0,0.0,0.0,0.0,0.0,0.0,1.0,0.0,0.0,0.0,0.0,0.0,1
15091375,2672197.0,36520.0,0.0,0.0,0.0,0.0,0.0,0.0,0.0,0.0,0.0,0.0,0.0,2708717,4.0,1.0,0.0,0.0,0.0,0.0,0.0,0.0,0.0,0.0,0.0,0.0,0.0,5
15091391,0.0,0.0,0.0,0.0,0.0,0.0,0.0,4509.0,0.0,0.0,0.0,0.0,0.0,4509,0.0,0.0,0.0,0.0,0.0,0.0,0.0,1.0,0.0,0.0,0.0,0.0,0.0,1
16053000,0.0,0.0,0.0,0.0,0.0,0.0,0.0,0.0,0.0,17782.0,0.0,0.0,0.0,17782,0.0,0.0,0.0,0.0,0.0,0.0,0.0,0.0,0.0,1.0,0.0,0.0,0.0,1
16061022,0.0,0.0,0.0,0.0,0.0,0.0,1010775.0,0.0,0.0,0.0,0.0,0.0,0.0,1010775,0.0,0.0,0.0,0.0,0.0,0.0,1.0,0.0,0.0,0.0,0.0,0.0,0.0,1
16061114,0.0,0.0,0.0,0.0,0.0,0.0,0.0,2863.0,0.0,0.0,0.0,0.0,0.0,2863,0.0,0.0,0.0,0.0,0.0,0.0,0.0,1.0,0.0,0.0,0.0,0.0,0.0,1
16062002,42403.0,0.0,0.0,0.0,0.0,0.0,0.0,0.0,0.0,0.0,0.0,0.0,0.0,42403,1.0,0.0,0.0,0.0,0.0,0.0,0.0,0.0,0.0,0.0,0.0,0.0,0.0,1
16062041,0.0,0.0,0.0,0.0,0.0,0.0,0.0,5052.0,0.0,0.0,0.0,0.0,0.0,5052,0.0,0.0,0.0,0.0,0.0,0.0,0.0,1.0,0.0,0.0,0.0,0.0,0.0,1
16063013,0.0,0.0,0.0,0.0,0.0,0.0,0.0,0.0,0.0,0.0,0.0,17.0,0.0,17,0.0,0.0,0.0,0.0,0.0,0.0,0.0,0.0,0.0,0.0,0.0,1.0,0.0,1
16063078,134152.0,0.0,0.0,0.0,0.0,0.0,0.0,0.0,0.0,0.0,0.0,0.0,0.0,134152,2.0,0.0,0.0,0.0,0.0,0.0,0.0,0.0,0.0,0.0,0.0,0.0,0.0,2
16064018,0.0,0.0,0.0,0.0,0.0,0.0,0.0,25672.0,0.0,0.0,0.0,0.0,0.0,25672,0.0,0.0,0.0,0.0,0.0,0.0,0.0,1.0,0.0,0.0,0.0,0.0,0.0,1
16064066,0.0,0.0,0.0,0.0,0.0,0.0,0.0,32656.0,0.0,0.0,0.0,0.0,0.0,32656,0.0,0.0,0.0,0.0,0.0,0.0,0.0,2.0,0.0,0.0,0.0,0.0,0.0,2
16066063,0.0,0.0,0.0,0.0,0.0,0.0,0.0,0.0,0.0,0.0,0.0,0.0,18597.0,18597,0.0,0.0,0.0,0.0,0.0,0.0,0.0,0.0,0.0,0.0,0.0,0.0,3.0,3
16069043,0.0,0.0,0.0,0.0,0.0,0.0,0.0,0.0,0.0,46413.0,0.0,0.0,0.0,46413,0.0,0.0,0.0,0.0,0.0,0.0,0.0,0.0,0.0,1.0,0.0,0.0,0.0,1
16070004,0.0,0.0,0.0,0.0,0.0,0.0,0.0,0.0,0.0,0.0,0.0,7178.0,0.0,7178,0.0,0.0,0.0,0.0,0.0,0.0,0.0,0.0,0.0,0.0,0.0,1.0,0.0,1
16070025,0.0,0.0,0.0,0.0,0.0,0.0,0.0,0.0,0.0,45036.0,0.0,0.0,0.0,45036,0.0,0.0,0.0,0.0,0.0,0.0,0.0,0.0,0.0,1.0,0.0,0.0,0.0,1
16072011,0.0,0.0,0.0,0.0,0.0,0.0,0.0,0.0,0.0,105818.0,0.0,0.0,0.0,105818,0.0,0.0,0.0,0.0,0.0,0.0,0.0,0.0,0.0,2.0,0.0,0.0,0.0,2
16072013,0.0,0.0,0.0,0.0,0.0,0.0,0.0,0.0,0.0,4386.0,0.0,0.0,0.0,4386,0.0,0.0,0.0,0.0,0.0,0.0,0.0,0.0,0.0,1.0,0.0,0.0,0.0,1
16073066,0.0,0.0,0.0,0.0,0.0,0.0,0.0,0.0,0.0,22711.0,0.0,0.0,0.0,22711,0.0,0.0,0.0,0.0,0.0,0.0,0.0,0.0,0.0,1.0,0.0,0.0,0.0,1
16073076,0.0,0.0,0.0,0.0,0.0,0.0,0.0,0.0,0.0,0.0,0.0,0.0,0.0,0,0.0,0.0,0.0,0.0,0.0,0.0,0.0,0.0,0.0,0.0,0.0,0.0,0.0,0
16073111,0.0,0.0,0.0,0.0,0.0,105250.0,0.0,0.0,0.0,0.0,0.0,0.0,0.0,105250,0.0,0.0,0.0,0.0,0.0,2.0,0.0,0.0,0.0,0.0,0.0,0.0,0.0,2
16074063,0.0,0.0,0.0,0.0,0.0,0.0,0.0,0.0,0.0,0.0,0.0,0.0,0.0,0,0.0,0.0,0.0,0.0,0.0,0.0,0.0,0.0,0.0,0.0,0.0,0.0,0.0,0
16075004,0.0,0.0,0.0,0.0,0.0,0.0,0.0,0.0,0.0,0.0,0.0,0.0,53521.0,53521,0.0,0.0,0.0,0.0,0.0,0.0,0.0,0.0,0.0,0.0,0.0,0.0,1.0,1
16076012,0.0,0.0,0.0,0.0,0.0,0.0,0.0,0.0,69603.0,0.0,0.0,0.0,0.0,69603,0.0,0.0,0.0,0.0,0.0,0.0,0.0,0.0,1.0,0.0,0.0,0.0,0.0,1
16076022,0.0,0.0,0.0,0.0,0.0,0.0,0.0,0.0,0.0,0.0,0.0,0.0,0.0,0,0.0,0.0,0.0,0.0,0.0,0.0,0.0,0.0,0.0,0.0,0.0,0.0,0.0,0
16076084,0.0,0.0,0.0,0.0,0.0,0.0,0.0,0.0,112942.0,0.0,0.0,0.0,0.0,112942,0.0,0.0,0.0,0.0,0.0,0.0,0.0,0.0,1.0,0.0,0.0,0.0,0.0,1
DG000000,6237217.0,19735455.0,1177223.0,3033567.0,29859859.0,16316487.0,19998124.0,1916514.0,7628018.0,3883906.0,4028307.0,1833176.0,6433305.0,122081158,24.0,214.0,21.0,44.0,11.0,98.0,36.0,134.0,49.0,77.0,76.0,100.0,140.0,1024
