ags,ars,municipality,port,inland_goods_transfer_t,inland_goods_transport_share,inland_eev_diesel_mwh,inland_ghg_tco2e,overseas_goods_transfer_t,overseas_goods_transport_share,overseas_eev_fuel_mwh,overseas_ghg_tco2e,sum_ghg_tco2e
DG000000,DG000000,Deutschland (Klimavision),Deutschland (Klimavision),238624887.0,0.9999999999999997,2949722.0,786093.0,294372261.0,0.9999999999999999,19722222.0,5396000.0,6182093.0
01001000,10010000000,Flensburg,Flensburg,0.0,0.0,0.0,0.0,262461.0,0.0008915955569604434,17562.678547475476,4805.14885058929,4805.14885058929
01051013,10515000000,Büsum,Büsum,0.0,0.0,0.0,0.0,173590.0,0.0005896955080288628,11615.841473804747,3178.094227232979,3178.094227232979
01051051,10515163051,Hochdonn,Hochdonn,30365.0,0.00012724992930012368,375.3519159550194,100.030234616648,0.0,0.0,0.0,0.0,100.030234616648
01051099,10515175099,Schafstedt,Schafstedt,8124.0,3.404506588619149e-05,100.42347983594854,26.762576190536745,0.0,0.0,0.0,0.0,26.762576190536745
01051000,010510000000,Dithmarschen Kreis,Dithmarschen Kreis,38489.0,0.00016129499518631517,475.775395790968,126.79281080718475,173590.0,0.0005896955080288628,11615.841473804747,3178.094227232979,3304.887038040164
01053035,10535318035,Göttin,Göttin,31560.0,0.0001322577891886021,390.12371044098177,103.9668764861324,0.0,0.0,0.0,0.0,103.9668764861324
01053083,10530083083,Lauenburg/Elbe,Lauenburg/Elbe,139103.0,0.000582935844407545,1719.4986848375124,458.2415849128795,0.0,0.0,0.0,0.0,458.2415849128795
01053090,10530090090,Mölln,Mölln,34382.0,0.00014408388174532694,425.00739582958926,113.26328096787721,0.0,0.0,0.0,0.0,113.26328096787721
01053000,010530000000,Herzogtum Lauenburg Kreis,Herzogtum Lauenburg Kreis,205045.0,0.0008592775153414741,2534.6297911080833,675.4717423668891,0.0,0.0,0.0,0.0,675.4717423668891
01054022,10545000000,Dagebüll,Dagebüll,0.0,0.0,0.0,0.0,143328.0,0.0004868937022568169,9590.848129255643,2624.056048164344,2624.056048164344
01054033,10540033033,Friedrichstadt,Friedrichstadt,9579.0,4.014250198471545e-05,118.40922123935883,31.555725914469658,0.0,0.0,0.0,0.0,31.555725914469658
01054039,10545000000,Gröde,Gröde,0.0,0.0,0.0,0.0,934.0,3.1728533008753837e-06,62.498968468999564,17.099717773118282,17.099717773118282
01054056,10540000000,Husum,Husum,0.0,0.0,0.0,0.0,300428.0,0.0010205717039351069,20103.254924201927,5500.250547261648,5500.250547261648
01054078,10545000000,List,List auf Sylt,0.0,0.0,0.0,0.0,83264.0,0.0002828527379487023,5571.642516705331,1524.4013925705788,1524.4013925705788
01054091,10545000000,Nordstrand,Nordstrand,0.0,0.0,0.0,0.0,14815.0,5.03274321760908e-05,991.3514109938207,271.23374604790934,271.23374604790934
01054093,10545000000,Ockholm,Ockholm,0.0,0.0,0.0,0.0,1359.0,4.616603464549943e-06,90.93800658390836,24.88063860135733,24.88063860135733
01054103,10545000000,Pellworm,Pellworm,0.0,0.0,0.0,0.0,19433.0,6.601505160161813e-05,1300.3666533812298,355.78031636510445,355.78031636510445
01054160,10545488,Wittdün auf Amrum,Föhr-Amrum,0.0,0.0,0.0,0.0,23435.0,7.96100825546195e-05,1568.1620193479707,429.0491284936048,429.0491284936048
01054164,10545000000,Wyk auf Föhr,Wyk auf Föhr,0.0,0.0,0.0,0.0,140628.0,0.0004777216423934727,9410.17659299622,2574.624315843766,2574.624315843766
01054168,10540000000,Sylt,Sylt,0.0,0.0,0.0,0.0,31.0,1.0530883546802666e-07,2.074376897793347,0.5675495192362598,0.5675495192362598
01054000,010540000000,Nordfriesland Kreis,Nordfriesland Kreis,9579.0,4.014250198471545e-05,118.40922123935883,31.555725914469658,727655.0,0.00247188711846732,48691.313598832836,13321.943400640665,13353.499126555134
01055021,10550000000,Heiligenhafen,Heiligenhafen,0.0,0.0,0.0,0.0,61932.0,0.00021038667090986538,4144.20354948831,1133.8540911400014,1133.8540911400014
01055032,10550000000,Neustadt in Holstein,Neustadt in Holstein,0.0,0.0,0.0,0.0,18984.0,6.448977201693607e-05,1270.321646055126,347.56000236068246,347.56000236068246
01055046,10550000000,Fehmarn,Fehmarn,0.0,0.0,0.0,0.0,5555921.0,0.01887379259555981,371776.5860762875,101718.07395047226,101718.07395047226
01055000,010550000000,Ostholstein Kreis,Ostholstein Kreis,0.0,0.0,0.0,0.0,5636837.0,0.01914866903848661,377191.1112718309,103199.48804397295,103199.48804397295
01056025,10560000000,Helgoland,Helgoland,0.0,0.0,0.0,0.0,36845.0,0.00012516464654256266,2465.497316103093,674.5600656858063,674.5600656858063
01056000,010560000000,Pinneberg Kreis,Pinneberg Kreis,0.0,0.0,0.0,0.0,36845.0,0.00012516464654256266,2465.497316103093,674.5600656858063,674.5600656858063
01058124,10585888124,Osterrönfeld,Osterrönfeld,15336.0,6.426823368176178e-05,189.5734227922337,50.52078636854647,0.0,0.0,0.0,0.0,50.52078636854647
01058000,010580000000,Rendsburg-Eckernförde Kreis,Rendsburg-Eckernförde Kreis,15336.0,6.426823368176178e-05,189.5734227922337,50.52078636854647,0.0,0.0,0.0,0.0,50.52078636854647
01061007,10615179007,Beidenfleth,Beidenfleth,128526.0,0.0005386110460473471,1588.7528519688726,423.39818654171904,0.0,0.0,0.0,0.0,423.39818654171904
01061046,10610046046,Itzehoe,Itzehoe,80775.0,0.0003385019937170258,998.4867779109728,266.0939305502961,0.0,0.0,0.0,0.0,266.0939305502961
01061110,10615179110,Wewelsfleth,Wewelsfleth,60.0,2.51440663856658e-07,0.741680057872589,0.1976556587188829,0.0,0.0,0.0,0.0,0.1976556587188829
01061000,010610000000,Steinburg Kreis,Steinburg Kreis,209361.0,0.0008773644804282296,2587.981309937718,689.689772750734,0.0,0.0,0.0,0.0,689.689772750734
03101000,31010000000,Braunschweig,Braunschweig,1131201.0,0.004740498839921923,13983.153719092174,3726.4713133076507,0.0,0.0,0.0,0.0,3726.4713133076507
03102000,31020000000,Salzgitter,Salzgitter,2766082.0,0.011591758239365871,34192.464297338774,9112.19599634075,0.0,0.0,0.0,0.0,9112.19599634075
03103000,31030000000,Wolfsburg,Wolfsburg,52115.0,0.0002183971699481622,644.210936933833,171.68041090224307,0.0,0.0,0.0,0.0,171.68041090224307
03151040,31510040040,Wittingen,Wittingen,231860.0,0.0009716505386967454,2866.098970305641,763.8073505093365,0.0,0.0,0.0,0.0,763.8073505093365
03151000,031510000000,Gifhorn Landkreis,Gifhorn Landkreis,231860.0,0.0009716505386967454,2866.098970305641,763.8073505093365,0.0,0.0,0.0,0.0,763.8073505093365
03157002,31570002002,Hohenhameln,Hohenhameln,950318.0,0.003982476479915525,11747.198487289383,3130.595504706856,0.0,0.0,0.0,0.0,3130.595504706856
03157006,31570006006,Peine,Peine,590846.0,0.002476045174617516,7303.644924563128,1946.4009221902847,0.0,0.0,0.0,0.0,1946.4009221902847
03157008,31570008008,Wendeburg,Wendeburg,6143.0,2.5743333301190837e-05,75.93567659185524,20.236645191834963,0.0,0.0,0.0,0.0,20.236645191834963
03157000,031570000000,Peine Landkreis,Peine Landkreis,1547307.0,0.006484264987834231,19126.779088444368,5097.233072088976,0.0,0.0,0.0,0.0,5097.233072088976
03159017,31590017017,Hann. Münden,Hann. Münden,750.0,3.143008298208225e-06,9.271000723407361,2.470695733986036,0.0,0.0,0.0,0.0,2.470695733986036
03159000,031590000000,Göttingen Landkreis,Göttingen Landkreis,750.0,3.143008298208225e-06,9.271000723407361,2.470695733986036,0.0,0.0,0.0,0.0,2.470695733986036
03241001,32410001001,Hannover,Hannover,1035508.0,0.00433948031581467,12800.26055612548,3411.2335974778834,0.0,0.0,0.0,0.0,3411.2335974778834
03241015,32410015015,Seelze,Seelze,226334.0,0.0009484928535555472,2797.7902369755757,745.6032643413273,0.0,0.0,0.0,0.0,745.6032643413273
03241016,32410016016,Sehnde,Sehnde,133749.0,0.0005604989558360691,1653.3161010066815,440.60411163319776,0.0,0.0,0.0,0.0,440.60411163319776
03241021,32410021021,Wunstorf,Wunstorf,441952.0,0.0018520784045462954,5463.116415615107,1455.9052280354622,0.0,0.0,0.0,0.0,1455.9052280354622
03241000,032410000000,Region Hannover Landkreis,Region Hannover Landkreis,1837543.0,0.0077005505297525825,22714.483309722844,6053.346201487871,0.0,0.0,0.0,0.0,6053.346201487871
03251047,32510047047,Weyhe,Weyhe,2420.0,1.0141440108885206e-05,29.914429000861087,7.972111568328277,0.0,0.0,0.0,0.0,7.972111568328277
03251000,032510000000,Diepholz Landkreis,Diepholz Landkreis,2420.0,1.0141440108885206e-05,29.914429000861087,7.972111568328277,0.0,0.0,0.0,0.0,7.972111568328277
03254003,32540003003,Algermissen,Algermissen,76285.0,0.0003196858507050859,942.9843869135075,251.30269875616636,0.0,0.0,0.0,0.0,251.30269875616636
03254021,32540021021,Hildesheim,Hildesheim,412804.0,0.001729928530044731,5102.808243500604,1359.884109029829,0.0,0.0,0.0,0.0,1359.884109029829
03254000,032540000000,Hildesheim Landkreis,Hildesheim Landkreis,489089.0,0.002049614380749817,6045.792630414111,1611.1868077859954,0.0,0.0,0.0,0.0,1611.1868077859954
03256006,32565410006,Estorf,Estorf (Weser),473285.0,0.001983384909889973,5850.434103170472,1559.1243072794418,0.0,0.0,0.0,0.0,1559.1243072794418
03256018,32565410018,Leese,Leese,191918.0,0.0008042664887673681,2372.3625557798587,632.2279785001762,0.0,0.0,0.0,0.0,632.2279785001762
03256022,32560022022,Nienburg (Weser),Nienburg (Weser),37536.0,0.00015730127930872525,463.9950442050917,123.65338009453316,0.0,0.0,0.0,0.0,123.65338009453316
03256028,32565409028,Schweringen,Schweringen,233162.0,0.000977106801102435,2882.1934275614767,768.0964783035363,0.0,0.0,0.0,0.0,768.0964783035363
03256032,32565410032,Stolzenau,Stolzenau,924254.0,0.003873250655536193,11425.01267014953,3044.7338865593733,0.0,0.0,0.0,0.0,3044.7338865593733
03256000,032560000000,Nienburg (Weser) Landkreis,Nienburg (Weser) Landkreis,1860155.0,0.007795310134604695,22993.99780086643,6127.83603073706,0.0,0.0,0.0,0.0,6127.83603073706
03257009,32570009009,Bückeburg,Bückeburg,129995.0,0.0005447671516341043,1606.9116520524533,428.237455919353,0.0,0.0,0.0,0.0,428.237455919353
03257025,32575404025,Niedernwöhren,Niedernwöhren,42614.0,0.00017858154082646041,526.7658997697084,140.38163734410793,0.0,0.0,0.0,0.0,140.38163734410793
03257030,32575404030,Pollhagen,Pollhagen,16068.0,6.733580978081301e-05,198.6219194982793,52.93218540491684,0.0,0.0,0.0,0.0,52.93218540491684
03257031,32570031031,Rinteln,Rinteln,5531.0,2.3178638529852925e-05,68.37054000155483,18.220557472902357,0.0,0.0,0.0,0.0,18.220557472902357
03257033,32575407033,Sachsenhagen,Sachsenhagen,287005.0,0.001202745462169669,3547.76475016204,945.4693721768831,0.0,0.0,0.0,0.0,945.4693721768831
03257000,032570000000,Schaumburg Landkreis,Schaumburg Landkreis,481213.0,0.0020166086029408995,5948.434761484035,1585.2412083181632,0.0,0.0,0.0,0.0,1585.2412083181632
03355022,33550022022,Lüneburg,"Lüneburg, Hansestadt",230418.0,0.0009656075814087237,2848.273926248103,759.057026178126,0.0,0.0,0.0,0.0,759.057026178126
03355000,033550000000,Lüneburg Landkreis,Lüneburg Landkreis,230418.0,0.0009656075814087237,2848.273926248103,759.057026178126,0.0,0.0,0.0,0.0,759.057026178126
03357028,33575406028,Horstedt,Horstedt,391579.0,0.0016409813952054382,4840.438923028176,1289.9634197580244,0.0,0.0,0.0,0.0,1289.9634197580244
03357000,033570000000,Rotenburg (Wümme) Landkreis,Rotenburg (Wümme) Landkreis,391579.0,0.0016409813952054382,4840.438923028176,1289.9634197580244,0.0,0.0,0.0,0.0,1289.9634197580244
03359018,33595407018,Freiburg (Elbe),"Freiburg (Elbe), Flecken",2001.0,8.385546139619545e-06,24.735029930050842,6.5918162182747455,0.0,0.0,0.0,0.0,6.5918162182747455
03359040,33595000000,Wischhafen,Wischhafen,0.0,0.0,0.0,0.0,6180.66,2.0996067968510117e-05,413.58123603598165,113.15582617944459,113.15582617944459
03359000,033590000000,Stade Landkreis,Stade Landkreis,2001.0,8.385546139619545e-06,24.735029930050842,6.5918162182747455,6180.66,2.0996067968510117e-05,413.58123603598165,113.15582617944459,119.74764239771933
03360025,33600025025,Uelzen,Uelzen,252639.0,0.001058728631268037,3122.9551356812167,832.2587993846643,0.0,0.0,0.0,0.0,832.2587993846643
03360000,033600000000,Uelzen Landkreis,Uelzen Landkreis,252639.0,0.001058728631268037,3122.9551356812167,832.2587993846643,0.0,0.0,0.0,0.0,832.2587993846643
03361001,33610001001,Achim,Achim,7795.0,3.266633291271082e-05,96.35660085194719,25.67876432856154,0.0,0.0,0.0,0.0,25.67876432856154
03361012,33610012012,Verden (Aller),Verden (Aller),94372.0,0.0003954826388246755,1166.5638403591995,310.88599707697364,0.0,0.0,0.0,0.0,310.88599707697364
03361000,033610000000,Verden Landkreis,Verden Landkreis,102167.0,0.00042814897173738635,1262.9204412111467,336.5647614055352,0.0,0.0,0.0,0.0,336.5647614055352
03404000,34040000000,Osnabrück,Osnabrück,471465.0,0.0019757578764196546,5827.936474748336,1553.1287522983023,0.0,0.0,0.0,0.0,1553.1287522983023
03405000,34050000000,Wilhelmshaven,Wilhelmshaven,0.0,0.0,0.0,0.0,25532904.0,0.08673678665667482,1708544.0706830758,467457.65773888957,467457.65773888957
03451004,3451,Edewecht,"Übrige Häfen, Landkreis Ammerland",107414.0,0.000450137457791651,1327.7803622721044,353.8497487605014,0.0,0.0,0.0,0.0,353.8497487605014
03451000,034510000000,Ammerland Landkreis,Ammerland Landkreis,107414.0,0.000450137457791651,1327.7803622721044,353.8497487605014,0.0,0.0,0.0,0.0,353.8497487605014
03452002,34520000000,Baltrum,Baltrum,0.0,0.0,0.0,0.0,8521.0,2.8946341516872745e-05,570.1859853579714,156.002885593941,156.002885593941
03452013,34520000000,Juist,Juist,0.0,0.0,0.0,0.0,35529.0,0.00012069411662398448,2377.4366710225754,650.4666731917766,650.4666731917766
03452019,34520000000,Norden,Norden,0.0,0.0,0.0,0.0,571422.0,0.0019411543671229267,38236.92244164097,10461.621980032969,10461.621980032969
03452020,34520000000,Norderney,Norderney,0.0,0.0,0.0,0.0,533012.0,0.001810673322918833,35666.70254989122,9758.409817650238,9758.409817650238
03452027,34520000000,Dornum,Dornum,0.0,0.0,0.0,0.0,6169.0,2.0956458258137306e-05,412.8010026608761,112.94235432801571,112.94235432801571
03452000,034520000000,Aurich Landkreis,Aurich Landkreis,0.0,0.0,0.0,0.0,1154653.0,0.003922424606440754,77264.04865057362,21139.44371079694,21139.44371079694
03453007,3453,Friesoythe,"Übrige Häfen, Landkreis Cloppenburg",400.0,1.67627109237772e-06,4.944533719150593,1.3177043914592195,0.0,0.0,0.0,0.0,1.3177043914592195
03453013,34530013013,Saterland,Saterland,87719.0,0.00036760205988070307,1084.3238832754273,288.9692787860282,0.0,0.0,0.0,0.0,288.9692787860282
03453000,034530000000,Cloppenburg Landkreis,Cloppenburg Landkreis,88119.0,0.00036927833097308077,1089.2684169945778,290.28698317748746,0.0,0.0,0.0,0.0,290.28698317748746
03454004,34545406004,Bockhorst,Bockhorst,14743.0,6.178316178731182e-05,182.243151553593,48.567289608208185,0.0,0.0,0.0,0.0,48.567289608208185
03454013,34545404013,Fresenburg,Fresenburg,51075.0,0.00021403886510798013,631.3551492640413,168.25437948444906,0.0,0.0,0.0,0.0,168.25437948444906
03454018,34540018018,Haren (Ems),Haren (Ems),3700.0,1.550550760449391e-05,45.736936902142986,12.18876562099778,0.0,0.0,0.0,0.0,12.18876562099778
03454029,34545404029,Lathen,Lathen,2452.0,1.0275541796275423e-05,30.309991698393134,8.077527919645014,0.0,0.0,0.0,0.0,8.077527919645014
03454032,34540032032,Lingen (Ems),Lingen (Ems),2629062.0,0.011017551576671883,32498.71427184374,8660.816357046395,0.0,0.0,0.0,0.0,8660.816357046395
03454035,34540035035,Meppen,Meppen,561953.0,0.0023549639229373423,6946.488892694583,1851.2198397342067,0.0,0.0,0.0,0.0,1851.2198397342067
03454049,34545408049,Spelle,Spelle,577911.0,0.002421838758167751,7143.751065420095,1903.7896564314722,0.0,0.0,0.0,0.0,1903.7896564314722
03454000,034540000000,Emsland Landkreis,Emsland Landkreis,3840896.0,0.016095957334073038,47478.59945937659,12652.913815845375,0.0,0.0,0.0,0.0,12652.913815845375
03455021,34550000000,Wangerooge,Wangerooge,0.0,0.0,0.0,0.0,40600.0,0.00013792060387102847,2716.7645822712875,743.3067897094243,743.3067897094243
03455000,034550000000,Friesland Landkreis,Friesland Landkreis,0.0,0.0,0.0,0.0,40600.0,0.00013792060387102847,2716.7645822712875,743.3067897094243,743.3067897094243
03457002,34570000000,Borkum,Borkum,0.0,0.0,0.0,0.0,2790.0,9.4777951921224e-06,186.69392080140125,51.079456731263384,51.079456731263384
03457000,034570000000,Leer Landkreis,Leer Landkreis,0.0,0.0,0.0,0.0,2790.0,9.4777951921224e-06,186.69392080140125,51.079456731263384,51.079456731263384
03458013,3458,Wardenburg,"Übrige Häfen, Landkreis Oldenburg",102852.0,0.00043101958598308317,1271.3879552051922,338.8213301759091,0.0,0.0,0.0,0.0,338.8213301759091
03458000,034580000000,Oldenburg Landkreis,Oldenburg Landkreis,102852.0,0.00043101958598308317,1271.3879552051922,338.8213301759091,0.0,0.0,0.0,0.0,338.8213301759091
03459003,34590003003,Bad Essen,Bad Essen,59324.0,0.00024860776571053965,733.3237958872245,195.42873829731684,0.0,0.0,0.0,0.0,195.42873829731684
03459014,34590014014,Bramsche,Bramsche,969938.0,0.004064697576996653,11989.72786621372,3195.2289051079306,0.0,0.0,0.0,0.0,3195.2289051079306
03459000,034590000000,Osnabrück Landkreis,Osnabrück Landkreis,1029262.0,0.004313305342707192,12723.051662100945,3390.6576434052477,0.0,0.0,0.0,0.0,3390.6576434052477
03461004,34610004004,Elsfleth,Elsfleth,33888.0,0.00014201368694624045,418.9008966864383,111.63591604442507,0.0,0.0,0.0,0.0,111.63591604442507
03461000,034610000000,Wesermarsch Landkreis,Wesermarsch Landkreis,33888.0,0.00014201368694624045,418.9008966864383,111.63591604442507,0.0,0.0,0.0,0.0,111.63591604442507
03462003,34625000000,Esens,Esens,0.0,0.0,0.0,0.0,84103.0,0.0002857028706247563,5627.7845237133515,1539.761845687973,1539.761845687973
03462007,34620000000,Langeoog,Langeoog,0.0,0.0,0.0,0.0,84131.0,0.0002857979882825984,5629.658154459746,1540.2744710601864,1540.2744710601864
03462010,34625000000,Neuharlingersiel,Neuharlingersiel,0.0,0.0,0.0,0.0,10729.0,3.6447048249563164e-05,717.9351527878976,196.4270578027688,196.4270578027688
03462014,34620000000,Spiekeroog,Spiekeroog,0.0,0.0,0.0,0.0,1634.0,5.550794746927599e-06,109.33973712884935,29.915352078453182,29.915352078453182
03462019,34620000000,Wittmund,Wittmund,0.0,0.0,0.0,0.0,16626.0,5.647950640294875e-05,1112.535171055232,304.3896228007115,304.3896228007115
03462000,034620000000,Wittmund Landkreis,Wittmund Landkreis,0.0,0.0,0.0,0.0,197223.0,0.0006699782083067942,13197.252739145077,3610.7683494300927,3610.7683494300927
05111000,51110000000,Düsseldorf,Düsseldorf,1598730.0,0.006699762208792581,19762.43598204407,5266.633854393995,0.0,0.0,0.0,0.0,5266.633854393995
05112000,51120000000,Duisburg,Duisburg,48129664.0,0.20169591112263158,594946.866348471,158551.67403064173,0.0,0.0,0.0,0.0,158551.67403064173
05113000,51130000000,Essen,Essen,1542114.0,0.006462502798377438,19062.586679435495,5080.125974826857,0.0,0.0,0.0,0.0,5080.125974826857
05114000,51140000000,Krefeld,Krefeld,3333386.0,0.013969146478841496,41205.0986898613,10981.043426571703,0.0,0.0,0.0,0.0,10981.043426571703
05117000,51170000000,Mülheim an der Ruhr,Mülheim an der Ruhr,652343.0,0.0027337592830373974,8063.829899879638,2148.9880895942038,0.0,0.0,0.0,0.0,2148.9880895942038
05119000,51190000000,Oberhausen,Oberhausen,221254.0,0.0009272042106823502,2734.9946587423633,728.8684185697953,0.0,0.0,0.0,0.0,728.8684185697953
05154008,51540008008,Emmerich am Rhein,Emmerich am Rhein,990449.0,0.004150652567936051,12243.271193997463,3262.7974920409806,0.0,0.0,0.0,0.0,3262.7974920409806
05154036,51540036036,Kleve,Kleve,1453446.0,0.006090923785330069,17966.53188991138,4788.030442372091,0.0,0.0,0.0,0.0,4788.030442372091
05154044,51540044044,Rees,Rees,983509.0,0.0041215692644832975,12157.483533970202,3239.9353208491634,0.0,0.0,0.0,0.0,3239.9353208491634
05154000,051540000000,Kleve Kreis,Kleve Kreis,3427404.0,0.014363145617749418,42367.28661787905,11290.763255262234,0.0,0.0,0.0,0.0,11290.763255262234
05162004,51620004004,Dormagen,Dormagen,2331795.0,0.009771801379627264,28824.09750911689,7681.541278706625,0.0,0.0,0.0,0.0,7681.541278706625
05162024,51620024024,Neuss,Neuss,7656397.0,0.03208549240716874,94643.2828342586,25222.16987413798,0.0,0.0,0.0,0.0,25222.16987413798
05162000,051620000000,Rhein-Kreis Neuss Kreis,Rhein-Kreis Neuss Kreis,9988192.0,0.04185729378679601,123467.3803433755,32903.711152844604,0.0,0.0,0.0,0.0,32903.711152844604
05170012,5170,Hamminkeln,Kiesbaggereien Kreis Wesel,409514.6666666667,0.0017161439940950782,5062.147694550122,1349.0481865840627,0.0,0.0,0.0,0.0,1349.0481865840627
05170016,5170,Hünxe,Kiesbaggereien Kreis Wesel,204757.33333333334,0.0008580719970475391,2531.073847275061,674.5240932920314,0.0,0.0,0.0,0.0,674.5240932920314
05170020,5170,Kamp-Lintfort,Kiesbaggereien Kreis Wesel,819029.3333333334,0.0034322879881901565,10124.295389100243,2698.0963731681254,0.0,0.0,0.0,0.0,2698.0963731681254
05170028,5170,Neukirchen-Vluyn,Kiesbaggereien Kreis Wesel,204757.33333333334,0.0008580719970475391,2531.073847275061,674.5240932920314,0.0,0.0,0.0,0.0,674.5240932920314
05170040,5170,Sonsbeck,Kiesbaggereien Kreis Wesel,614272.0,0.002574215991142617,7593.221541825183,2023.572279876094,0.0,0.0,0.0,0.0,2023.572279876094
05170044,51700044044,Voerde (Niederrhein),Voerde (Niederrhein),1010784.0,0.004235869999594803,12494.638926944783,3329.786289041789,0.0,0.0,0.0,0.0,3329.786289041789
05170048,51700048048,Wesel,Wesel,3316403.666666667,0.013897978992722024,40995.17439037,10925.099188545311,0.0,0.0,0.0,0.0,10925.099188545311
05170000,051700000000,Wesel Kreis,Wesel Kreis,6579518.333333334,0.02757264095983976,81331.62563734045,21674.650503799443,0.0,0.0,0.0,0.0,21674.650503799443
05314000,53140000000,Bonn,Bonn,744735.0,0.0031209443799548034,9205.918298329043,2453.3514499334547,0.0,0.0,0.0,0.0,2453.3514499334547
05315000,53150000000,Köln,Köln,8859756.0,0.037128382170800146,109518.40571361694,29186.348471142916,0.0,0.0,0.0,0.0,29186.348471142916
05316000,53160000000,Leverkusen,Leverkusen,2323988.0,0.009739084758581783,28727.592572253372,7655.822983246321,0.0,0.0,0.0,0.0,7655.822983246321
05362040,53620040040,Wesseling,Wesseling,2023137.0,0.008478315172549458,25008.67278740293,6664.741273559076,0.0,0.0,0.0,0.0,6664.741273559076
05362000,053620000000,Rhein-Erft-Kreis Kreis,Rhein-Erft-Kreis Kreis,2023137.0,0.008478315172549458,25008.67278740293,6664.741273559076,0.0,0.0,0.0,0.0,6664.741273559076
05382044,53820044044,Niederkassel,Niederkassel,504230.0,0.0021130654322740446,6232.95559301826,1661.0652132637056,0.0,0.0,0.0,0.0,1661.0652132637056
05382000,053820000000,Rhein-Sieg-Kreis Kreis,Rhein-Sieg-Kreis Kreis,504230.0,0.0021130654322740446,6232.95559301826,1661.0652132637056,0.0,0.0,0.0,0.0,1661.0652132637056
05512000,55120000000,Bottrop,Bottrop,3027809.0,0.01268857174985273,37427.75923911909,9974.393039499368,0.0,0.0,0.0,0.0,9974.393039499368
05513000,55130000000,Gelsenkirchen,Gelsenkirchen,3908141.0,0.016377759458090387,48309.8373842373,12874.436395354564,0.0,0.0,0.0,0.0,12874.436395354564
05515000,55150000000,Münster,Münster,621397.0,0.0026040745699755954,7681.2960486975535,2047.0438893489616,0.0,0.0,0.0,0.0,2047.0438893489616
05562004,55620004004,Castrop-Rauxel,Castrop-Rauxel,322323.0,0.0013507518182711597,3984.3423548944415,1061.816081420775,0.0,0.0,0.0,0.0,1061.816081420775
05562008,55620008008,Datteln,Datteln,180710.0,0.0007572973727589445,2233.816720969259,595.3059014514888,0.0,0.0,0.0,0.0,595.3059014514888
05562012,55620012012,Dorsten,Dorsten,211839.0,0.0008877489798455096,2618.612696327856,697.8529514558239,0.0,0.0,0.0,0.0,697.8529514558239
05562016,55620016016,Haltern am See,Haltern am See,785759.0,0.003292862743189062,9713.029676565127,2588.495212321512,0.0,0.0,0.0,0.0,2588.495212321512
05562024,55620024024,Marl,Marl,3139123.0,0.013155052850795063,38803.748805152914,10341.090406076597,0.0,0.0,0.0,0.0,10341.090406076597
05562032,55620032032,Recklinghausen,Recklinghausen,243126.0,0.001018862714013564,3005.3617625055176,800.9204946947854,0.0,0.0,0.0,0.0,800.9204946947854
05562000,055620000000,Recklinghausen Kreis,Recklinghausen Kreis,4882880.0,0.020462576478873302,60358.91201641512,16085.481047420983,0.0,0.0,0.0,0.0,16085.481047420983
05566012,55660012012,Greven,Greven,15225.0,6.380306845362696e-05,188.20131468516942,50.15512339991653,0.0,0.0,0.0,0.0,50.15512339991653
05566028,55660028028,Ibbenbüren,Ibbenbüren,917486.0,0.003844888148653162,11341.351159621503,3022.4383282558833,0.0,0.0,0.0,0.0,3022.4383282558833
05566032,55660032032,Ladbergen,Ladbergen,304199.0,0.0012747999750755252,3760.3055320797284,1002.1108954437577,0.0,0.0,0.0,0.0,1002.1108954437577
05566072,55660072072,Recke,Recke (Westfalen),121584.0,0.0005095193612391318,1502.9404692730143,400.52942682794435,0.0,0.0,0.0,0.0,400.52942682794435
05566076,55660076076,Rheine,Rheine,46775.0,0.00019601895086491963,578.2014117831725,154.08905727626248,0.0,0.0,0.0,0.0,154.08905727626248
05566000,055660000000,Steinfurt Kreis,Steinfurt Kreis,1405269.0,0.005889029504286365,17370.999887442587,4629.3228312037645,0.0,0.0,0.0,0.0,4629.3228312037645
05762008,57620008008,Beverungen,Beverungen,1040.0,4.358304840182072e-06,12.855787669791543,3.4260314177939706,0.0,0.0,0.0,0.0,3.4260314177939706
05762000,057620000000,Höxter Kreis,Höxter Kreis,1040.0,4.358304840182072e-06,12.855787669791543,3.4260314177939706,0.0,0.0,0.0,0.0,3.4260314177939706
05770008,57700008008,Espelkamp,Espelkamp,85096.0,0.00035660991219243614,1051.9001034120972,280.3284322390343,0.0,0.0,0.0,0.0,280.3284322390343
05770012,57700012012,Hille,Hille,35517.0,0.00014884030096994872,439.03751025767906,117.00226717864274,0.0,0.0,0.0,0.0,117.00226717864274
05770020,57700020020,Lübbecke,Lübbecke,354658.0,0.0014862573827012435,4384.046099416278,1168.3360101653595,0.0,0.0,0.0,0.0,1168.3360101653595
05770028,57700028028,Petershagen,Petershagen,50792.0,0.00021285290331012288,627.8568916577423,167.32210362749166,0.0,0.0,0.0,0.0,167.32210362749166
05770036,57700036036,Preußisch Oldendorf,Preußisch Oldendorf,64854.0,0.0002717822135626616,801.6819745544814,213.64600150924053,0.0,0.0,0.0,0.0,213.64600150924053
05770000,057700000000,Minden-Lübbecke Kreis,Minden-Lübbecke Kreis,590917.0,0.0024763427127364127,7304.522579298278,1946.6348147197689,0.0,0.0,0.0,0.0,1946.6348147197689
05913000,59130000000,Dortmund,Dortmund,1145710.0,0.004801301383120194,14162.504318420066,3774.2677458468556,0.0,0.0,0.0,0.0,3774.2677458468556
05915000,59150000000,Hamm,Hamm,3482618.0,0.014594529697985777,43049.805329802,11472.652580937309,0.0,0.0,0.0,0.0,11472.652580937309
05916000,59160000000,Herne,Herne,282795.0,0.0011851027089223934,3495.72353276798,931.6005334567749,0.0,0.0,0.0,0.0,931.6005334567749
05978004,59780004004,Bergkamen,Bergkamen,597634.0,0.002504491495055166,7387.553661777114,1968.762365713348,0.0,0.0,0.0,0.0,1968.762365713348
05978024,59780024024,Lünen,Lünen,2435867.0,0.0102079335924421,30110.566292165495,8024.381607276486,0.0,0.0,0.0,0.0,8024.381607276486
05978000,059780000000,Unna Kreis,Unna Kreis,3033501.0,0.012712425087497266,37498.11995394261,9993.143972989834,0.0,0.0,0.0,0.0,9993.143972989834
06412000,64120000000,Frankfurt am Main,Frankfurt am Main,4746997.0,0.0198931346167594,58679.216828016775,15637.846982859352,0.0,0.0,0.0,0.0,15637.846982859352
06413000,64130000000,Offenbach am Main,Offenbach am Main,92185.0,0.0003863176266271003,1139.5296022497437,303.68144831667036,0.0,0.0,0.0,0.0,303.68144831667036
06414000,64140000000,Wiesbaden,Wiesbaden,485853.0,0.002036053347612481,6005.791352626182,1600.52657925909,0.0,0.0,0.0,0.0,1600.52657925909
06431013,64310013013,Lampertheim,Lampertheim,335107.0,0.0014043254423835516,4142.369652558495,1103.9299137718117,0.0,0.0,0.0,0.0,1103.9299137718117
06431018,64310018018,Neckarsteinach,Neckarsteinach,118446.0,0.0004963690145194286,1464.150602246278,390.19203587694676,0.0,0.0,0.0,0.0,390.19203587694676
06431000,064310000000,Bergstraße Landkreis,Bergstraße Landkreis,453553.0,0.0019006944569029802,5606.520254804773,1494.1219496487583,0.0,0.0,0.0,0.0,1494.1219496487583
06433004,64330004004,Gernsheim,Gernsheim,583748.0,0.002446299744083273,7215.904173716801,1923.018257763841,0.0,0.0,0.0,0.0,1923.018257763841
06433005,64330005005,Ginsheim-Gustavsburg,Ginsheim-Gustavsburg,639055.0,0.0026780735573486095,7899.572489729455,2105.2139497099283,0.0,0.0,0.0,0.0,2105.2139497099283
06433007,64330007007,Kelsterbach,Kelsterbach,368536.0,0.0015444156082512885,4555.596696802207,1214.053764027037,0.0,0.0,0.0,0.0,1214.053764027037
06433010,64330010010,Raunheim,Raunheim,598907.0,0.002509826227806658,7403.28964033831,1972.9559599391666,0.0,0.0,0.0,0.0,1972.9559599391666
06433011,64330011011,Riedstadt,Riedstadt,1714.0,7.18282163083853e-06,21.18732698656029,5.646363317402755,0.0,0.0,0.0,0.0,5.646363317402755
06433000,064330000000,Groß-Gerau Landkreis,Groß-Gerau Landkreis,2191960.0,0.009185797959120667,27095.55032757333,7220.888294757376,0.0,0.0,0.0,0.0,7220.888294757376
06435011,64350011011,Großkrotzenburg,Großkrotzenburg,171319.0,0.0007179427181876466,2117.7314305779014,564.369496601005,0.0,0.0,0.0,0.0,564.369496601005
06435014,64350014014,Hanau,Hanau,1132334.0,0.004745246877791083,13997.159110851668,3730.203710996459,0.0,0.0,0.0,0.0,3730.203710996459
06435000,064350000000,Main-Kinzig-Kreis Landkreis,Main-Kinzig-Kreis Landkreis,1303653.0,0.005463189595978729,16114.89054142957,4294.573207597464,0.0,0.0,0.0,0.0,4294.573207597464
06436004,64360004004,Flörsheim am Main,Flörsheim am Main,666770.0,0.002794218190661731,8242.166869795103,2196.514392733159,0.0,0.0,0.0,0.0,2196.514392733159
06436005,64360005005,Hattersheim am Main,Hattersheim am Main,268804.0,0.0011264709367887517,3322.77610460639,885.5105281045101,0.0,0.0,0.0,0.0,885.5105281045101
06436000,064360000000,Main-Taunus-Kreis Landkreis,Main-Taunus-Kreis Landkreis,935574.0,0.003920689127450482,11564.942974401492,3082.024920837669,0.0,0.0,0.0,0.0,3082.024920837669
06439004,64390004004,Geisenheim,Geisenheim,14397.0,6.033318729240509e-05,177.9661298865277,47.42747530959595,0.0,0.0,0.0,0.0,47.42747530959595
06439013,64390013013,Rüdesheim am Rhein,Rüdesheim am Rhein,381.0,1.5966482154897784e-06,4.70966836749094,1.2551134328649063,0.0,0.0,0.0,0.0,1.2551134328649063
06439000,064390000000,Rheingau-Taunus-Kreis Landkreis,Rheingau-Taunus-Kreis Landkreis,14778.0,6.192983550789487e-05,182.67579825401864,48.68258874246085,0.0,0.0,0.0,0.0,48.68258874246085
07111000,71110000000,Koblenz,Koblenz,776564.0,0.0032543294614530292,9599.367207696152,2558.204482622843,0.0,0.0,0.0,0.0,2558.204482622843
07135092,71355005092,Zell (Mosel),Zell (Mosel),584.0,2.447355794871471e-06,7.219019229959866,1.9238484115304602,0.0,0.0,0.0,0.0,1.9238484115304602
07135000,071350000000,Cochem-Zell Landkreis,Cochem-Zell Landkreis,584.0,2.447355794871471e-06,7.219019229959866,1.9238484115304602,0.0,0.0,0.0,0.0,1.9238484115304602
07137003,71370003003,Andernach,Andernach,2294357.0,0.009614910786736172,28361.313875672993,7558.210736188001,0.0,0.0,0.0,0.0,7558.210736188001
07137203,71370203203,Bendorf,Bendorf,1554726.0,0.006515355625920108,19218.48782760031,5121.673194289566,0.0,0.0,0.0,0.0,5121.673194289566
07137228,71375008228,Weißenthurm,Weißenthurm,4115.0,1.7244638862835795e-05,50.86689063576173,13.555883927136719,0.0,0.0,0.0,0.0,13.555883927136719
07137000,071370000000,Mayen-Koblenz Landkreis,Mayen-Koblenz Landkreis,3853198.0,0.01614751105151912,47630.66859390907,12693.439814404703,0.0,0.0,0.0,0.0,12693.439814404703
07138041,71385004041,Linz am Rhein,Linz am Rhein,125703.0,0.0005267807628128913,1553.8568052459675,414.0984877989956,0.0,0.0,0.0,0.0,414.0984877989956
07138045,71380045045,Neuwied,Neuwied,142404.0,0.0005967692715973921,1760.3034493548025,469.1159404033967,0.0,0.0,0.0,0.0,469.1159404033967
07138000,071380000000,Neuwied Landkreis,Neuwied Landkreis,268107.0,0.0011235500344102833,3314.16025460077,883.2144282023924,0.0,0.0,0.0,0.0,883.2144282023924
07140112,71405009112,Oberwesel,Oberwesel,35294.0,0.00014790577983594814,436.2809327092526,116.26764698040424,0.0,0.0,0.0,0.0,116.26764698040424
07140000,071400000000,Rhein-Hunsrück-Kreis Landkreis,Rhein-Hunsrück-Kreis Landkreis,35294.0,0.00014790577983594814,436.2809327092526,116.26764698040424,0.0,0.0,0.0,0.0,116.26764698040424
07141075,71410075075,Lahnstein,Lahnstein,66421.0,0.0002783490055670514,821.052185399254,218.80810846278206,0.0,0.0,0.0,0.0,218.80810846278206
07141000,071410000000,Rhein-Lahn-Kreis Landkreis,Rhein-Lahn-Kreis Landkreis,66421.0,0.0002783490055670514,821.052185399254,218.80810846278206,0.0,0.0,0.0,0.0,218.80810846278206
07211000,72110000000,Trier,Trier,710036.0,0.0029755320533687672,8776.992359527027,2339.043888235346,0.0,0.0,0.0,0.0,2339.043888235346
07235146,72355003146,Wellen,Wellen,16081.0,6.739028859131529e-05,198.78261684415173,52.97501079763927,0.0,0.0,0.0,0.0,52.97501079763927
07235000,072350000000,Trier-Saarburg Landkreis,Trier-Saarburg Landkreis,16081.0,6.739028859131529e-05,198.78261684415173,52.97501079763927,0.0,0.0,0.0,0.0,52.97501079763927
07314000,73140000000,Ludwigshafen am Rhein,Ludwigshafen am Rhein,6051930.0,0.02536168828023374,74809.92987734763,19936.63684450949,0.0,0.0,0.0,0.0,19936.63684450949
07315000,73150000000,Mainz,Mainz,3221958.0,0.013502187640637835,39827.699931717514,10613.970514242908,0.0,0.0,0.0,0.0,10613.970514242908
07318000,73180000000,Speyer,Speyer,568554.0,0.0023826265866393054,7028.086060394865,1872.9652564542623,0.0,0.0,0.0,0.0,1872.9652564542623
07319000,73190000000,Worms,Worms,1103841.0,0.004625841897203287,13644.947612702274,3636.3403329318403,0.0,0.0,0.0,0.0,3636.3403329318403
07331018,73315002018,Eich,Eich,206336.0,0.0008646876802921231,2550.588273686642,679.7246332903237,0.0,0.0,0.0,0.0,679.7246332903237
07331000,073310000000,Alzey-Worms Landkreis,Alzey-Worms Landkreis,206336.0,0.0008646876802921231,2550.588273686642,679.7246332903237,0.0,0.0,0.0,0.0,679.7246332903237
07334007,73340007007,Germersheim,Germersheim,1436646.0,0.006020520399450205,17758.861473707057,4732.686857930804,0.0,0.0,0.0,0.0,4732.686857930804
07334501,73340501501,Wörth am Rhein,Wörth am Rhein,913221.0,0.0038270149081306845,11288.63006884106,3008.3883051819494,0.0,0.0,0.0,0.0,3008.3883051819494
07334000,073340000000,Germersheim Landkreis,Germersheim Landkreis,2349867.0,0.009847535307580889,29047.491542548116,7741.075163112753,0.0,0.0,0.0,0.0,7741.075163112753
07338021,73385008021,Otterstadt,Otterstadt,315977.0,0.001324157777390587,3905.8973274401174,1040.9107012502743,0.0,0.0,0.0,0.0,1040.9107012502743
07338023,73385007023,Römerberg,Römerberg,303175.0,0.0012705087210790381,3747.6475257587026,998.7375722016221,0.0,0.0,0.0,0.0,998.7375722016221
07338000,073380000000,Rhein-Pfalz-Kreis Landkreis,Rhein-Pfalz-Kreis Landkreis,619152.0,0.002594666498469625,7653.54485319882,2039.6482734518963,0.0,0.0,0.0,0.0,2039.6482734518963
07339005,73390005005,Bingen am Rhein,Bingen am Rhein,3532.0,1.4801473745695267e-05,43.66023274009974,11.635329776584907,0.0,0.0,0.0,0.0,11.635329776584907
07339009,73390009009,Budenheim,Budenheim,134718.0,0.0005645597225573542,1665.294233941324,443.7962505215078,0.0,0.0,0.0,0.0,443.7962505215078
07339030,73390030030,Ingelheim am Rhein,Ingelheim am Rhein,94843.0,0.00039745644803595027,1172.3860288134993,312.43759399791685,0.0,0.0,0.0,0.0,312.43759399791685
07339000,073390000000,Mainz-Bingen Landkreis,Mainz-Bingen Landkreis,233093.0,0.0009768176443389997,2881.340495494923,767.8691742960095,0.0,0.0,0.0,0.0,767.8691742960095
08111000,81110000000,Stuttgart,Stuttgart,796284.0,0.003336969626307251,9843.132720050276,2623.1673091217826,0.0,0.0,0.0,0.0,2623.1673091217826
08116004,81165006004,Altbach,Altbach,32819.0,0.00013753385245186098,405.6866303220083,108.1143510582503,0.0,0.0,0.0,0.0,108.1143510582503
08116056,81165006056,Plochingen,Plochingen,345830.0,0.0014492620796924672,4274.920240234624,1139.2542742458545,0.0,0.0,0.0,0.0,1139.2542742458545
08116000,081160000000,Esslingen Landkreis,Esslingen Landkreis,378649.0,0.0015867959321443283,4680.606870556632,1247.3686253041049,0.0,0.0,0.0,0.0,1247.3686253041049
08118018,81185001018,Gemmrigheim,Gemmrigheim,41645.0,0.00017452077410517536,514.7877668350661,137.18949845579797,0.0,0.0,0.0,0.0,137.18949845579797
08118040,81185003040,Kirchheim am Neckar,Kirchheim am Neckar,28115.0,0.000117820904405499,347.53891378479733,92.61814741468989,0.0,0.0,0.0,0.0,92.61814741468989
08118048,81180048048,Ludwigsburg,Ludwigsburg,61435.0,0.00025745428640056305,759.4185725900417,202.38292322324284,0.0,0.0,0.0,0.0,202.38292322324284
08118049,81185005049,Marbach am Neckar,Marbach am Neckar,15015.0,6.292302613012867e-05,185.60543448261538,49.463328594400444,0.0,0.0,0.0,0.0,49.463328594400444
08118074,81185001074,Walheim,Walheim,7465.0,3.12834092614992e-05,92.27736053364795,24.591658205607683,0.0,0.0,0.0,0.0,24.591658205607683
08118078,81185004078,Freiberg am Neckar,Freiberg am Neckar,75329.0,0.00031567956279430316,931.1669513247375,248.15338526057883,0.0,0.0,0.0,0.0,248.15338526057883
08118081,81180081081,Remseck am Neckar,Remseck am Neckar,101405.0,0.00042495567530640674,1253.5011044761648,334.0545345398054,0.0,0.0,0.0,0.0,334.0545345398054
08118000,081180000000,Ludwigsburg Landkreis,Ludwigsburg Landkreis,330409.0,0.001384637638403575,4084.296104027071,1088.453475694123,0.0,0.0,0.0,0.0,1088.453475694123
08121000,81210000000,Heilbronn,Heilbronn,2147241.0,0.008998395041670569,26542.763819106593,7073.572238053213,0.0,0.0,0.0,0.0,7073.572238053213
08125007,81250007007,Bad Wimpfen,Bad Wimpfen,188488.0,0.0007898924641502293,2329.9631791381426,620.9286633434134,0.0,0.0,0.0,0.0,620.9286633434134
08125056,81255006056,Lauffen am Neckar,Lauffen am Neckar,103746.0,0.00043476605187454736,1282.4389880674935,341.7663994908204,0.0,0.0,0.0,0.0,341.7663994908204
08125000,081250000000,Heilbronn Landkreis,Heilbronn Landkreis,292234.0,0.0012246585160247767,3612.402167205636,962.6950628342338,0.0,0.0,0.0,0.0,962.6950628342338
08128131,81280131131,Wertheim,Wertheim,69297.0,0.00029040139472124714,856.6033828399466,228.2824030373738,0.0,0.0,0.0,0.0,228.2824030373738
08128000,081280000000,Main-Tauber-Kreis Landkreis,Main-Tauber-Kreis Landkreis,69297.0,0.00029040139472124714,856.6033828399466,228.2824030373738,0.0,0.0,0.0,0.0,228.2824030373738
08212000,82120000000,Karlsruhe,Karlsruhe,6413698.0,0.026877741381601997,79281.86506362181,21128.395050233034,0.0,0.0,0.0,0.0,21128.395050233034
08215066,82155006066,Philippsburg,Philippsburg,75427.0,0.0003160902492119357,932.3783620859293,248.47622283648633,0.0,0.0,0.0,0.0,248.47622283648633
08215102,82150102102,Eggenstein-Leopoldshafen,Eggenstein-Leopoldshafen,41890.0,0.00017554749014925673,517.8162937380458,137.99659239556675,0.0,0.0,0.0,0.0,137.99659239556675
08215107,82155006107,Oberhausen-Rheinhausen,Oberhausen-Rheinhausen,238243.0,0.000998399634653363,2945.001367128987,784.8346183360471,0.0,0.0,0.0,0.0,784.8346183360471
08215111,82155004111,Dettenheim,Dettenheim,365019.0,0.0015296769946715574,4512.121884076576,1202.467848165132,0.0,0.0,0.0,0.0,1202.467848165132
08215000,082150000000,Karlsruhe Landkreis,Karlsruhe Landkreis,720579.0,0.0030197143686861126,8907.317907029537,2373.775281733232,0.0,0.0,0.0,0.0,2373.775281733232
08216023,82165005023,Iffezheim,Iffezheim,646147.0,0.002707793843816467,7987.239072569996,2128.5768485705007,0.0,0.0,0.0,0.0,2128.5768485705007
08216052,82165005052,Steinmauern,Steinmauern,169706.0,0.0007111831550076334,2097.7925983554264,559.0558536424458,0.0,0.0,0.0,0.0,559.0558536424458
08216063,82165006063,Rheinmünster,Rheinmünster,401522.0,0.0016826493038842173,4963.3476699519615,1322.7182566687218,0.0,0.0,0.0,0.0,1322.7182566687218
08216000,082160000000,Rastatt Landkreis,Rastatt Landkreis,1217375.0,0.005101626302708317,15048.379340877384,4010.350958881668,0.0,0.0,0.0,0.0,4010.350958881668
08222000,82220000000,Mannheim,Mannheim,7525265.0,0.031535960454954555,93022.31634510946,24790.186843485903,0.0,0.0,0.0,0.0,24790.186843485903
08225033,82255002033,Haßmersheim,Haßmersheim,25872.0,0.00010842121425499093,319.81244095466036,85.22912003958231,0.0,0.0,0.0,0.0,85.22912003958231
08225058,82255005058,Mosbach,Mosbach,181877.0,0.0007621878936709565,2248.242398094881,599.1503040135711,0.0,0.0,0.0,0.0,599.1503040135711
08225074,82255005074,Obrigheim,Obrigheim,143329.0,0.0006006456484985155,1771.7376835803382,472.1631318086461,0.0,0.0,0.0,0.0,472.1631318086461
08225000,082250000000,Neckar-Odenwald-Kreis Landkreis,Neckar-Odenwald-Kreis Landkreis,351078.0,0.001471254756424463,4339.792522629879,1156.5425558617994,0.0,0.0,0.0,0.0,1156.5425558617994
08226013,82265001013,Eberbach,Eberbach,16499.0,6.914199188285e-05,203.9496545806641,54.35201188671415,0.0,0.0,0.0,0.0,54.35201188671415
08226038,82260038038,Ladenburg,Ladenburg,148362.0,0.0006217373295183583,1833.9522791015509,488.7431473141818,0.0,0.0,0.0,0.0,488.7431473141818
08226105,82260105105,Edingen-Neckarhausen,Edingen-Neckarhausen,7554.0,3.1656379579553244e-05,93.37751928615896,24.88484743270736,0.0,0.0,0.0,0.0,24.88484743270736
08226000,082260000000,Rhein-Neckar-Kreis Landkreis,Rhein-Neckar-Kreis Landkreis,172415.0,0.0007225357009807616,2131.279452968374,567.9800066336034,0.0,0.0,0.0,0.0,567.9800066336034
08315015,83155002015,Breisach am Rhein,Breisach am Rhein,477541.0,0.002001220434312872,5903.043941942233,1573.1446820045676,0.0,0.0,0.0,0.0,1573.1446820045676
08315043,83155009043,Gottenheim,Schwanau,67827.0,0.00028424109845675904,838.4322214220682,223.4398393987612,0.0,0.0,0.0,0.0,223.4398393987612
08315133,83150133133,Vogtsburg im Kaiserstuhl,Vogtsburg im Kaiserstuhl,146624.0,0.0006144539316219771,1812.4682800918415,483.01772173329147,0.0,0.0,0.0,0.0,483.01772173329147
08315000,083150000000,Breisgau-Hochschwarzwald Landkreis,Breisgau-Hochschwarzwald Landkreis,691992.0,0.002899915464391608,8553.944443456143,2279.6022431366205,0.0,0.0,0.0,0.0,2279.6022431366205
08316051,83165005051,Wyhl am Kaiserstuhl,Wyhl am Kaiserstuhl,60790.0,0.000254751299264104,751.4455119679114,200.25812489201488,0.0,0.0,0.0,0.0,200.25812489201488
08316000,083160000000,Emmendingen Landkreis,Emmendingen Landkreis,60790.0,0.000254751299264104,751.4455119679114,200.25812489201488,0.0,0.0,0.0,0.0,200.25812489201488
08317057,83170057057,Kehl,Kehl,3907322.0,0.016374327293028745,48299.71345144734,12871.73839561305,0.0,0.0,0.0,0.0,12871.73839561305
08317075,83175012075,Meißenheim,Meißenheim,192372.0,0.0008061690564572169,2377.9746015510946,633.7235729844823,0.0,0.0,0.0,0.0,633.7235729844823
08317151,83170151151,Neuried,Neuried,218166.0,0.0009142633978491941,2696.8228584305207,718.6957406677301,0.0,0.0,0.0,0.0,718.6957406677301
08317153,83170153153,Rheinau,Rheinau,776457.0,0.003253881058935818,9598.044544926279,2557.8519966981276,0.0,0.0,0.0,0.0,2557.8519966981276
08317000,083170000000,Ortenaukreis Landkreis,Ortenaukreis Landkreis,5094317.0,0.021348640806270972,62972.55545635523,16782.00970596339,0.0,0.0,0.0,0.0,16782.00970596339
08336069,83365004069,Rheinfelden (Baden),Rheinfelden (Baden),89670.0,0.00037577807213377536,1108.4408464905841,295.3963819553705,0.0,0.0,0.0,0.0,295.3963819553705
08336091,83360091091,Weil am Rhein,Weil am Rhein,425744.0,0.0017841558998831501,5262.763909315126,1402.5118460935348,0.0,0.0,0.0,0.0,1402.5118460935348
08336105,83360105105,Grenzach-Wyhlen,Grenzach-Wyhlen,51264.0,0.0002148309031991286,633.69144144634,168.87699480941356,0.0,0.0,0.0,0.0,168.87699480941356
08336000,083360000000,Lörrach Landkreis,Lörrach Landkreis,566678.0,0.002374764875216054,7004.896197252049,1866.785222858319,0.0,0.0,0.0,0.0,1866.785222858319
09262000,92620000000,Passau,Passau,358677.0,0.0015030997165019087,4433.726301959443,1181.575645038546,0.0,0.0,0.0,0.0,1181.575645038546
09263000,92630000000,Straubing,Straubing,431337.0,0.0018075943604323216,5331.900852043149,1420.9366477471135,0.0,0.0,0.0,0.0,1420.9366477471135
09271119,92710119119,Deggendorf,Deggendorf,171193.0,0.0007174146927935476,2116.1739024563685,563.9544197176953,0.0,0.0,0.0,0.0,563.9544197176953
09271000,092710000000,Deggendorf Landkreis,Deggendorf Landkreis,171193.0,0.0007174146927935476,2116.1739024563685,563.9544197176953,0.0,0.0,0.0,0.0,563.9544197176953
09273137,92730137137,Kelheim,Kelheim,256667.0,0.0010756086811682807,3172.746590233063,845.5280826066587,0.0,0.0,0.0,0.0,845.5280826066587
09273164,92730164164,Riedenburg,Riedenburg,23604.0,9.891675716120926e-05,291.7769347670765,77.75773614000855,0.0,0.0,0.0,0.0,77.75773614000855
09273000,092730000000,Kelheim Landkreis,Kelheim Landkreis,280271.0,0.00117452543832949,3464.5235250001397,923.2858187466672,0.0,0.0,0.0,0.0,923.2858187466672
09362000,93620000000,Regensburg,Regensburg,1144710.0,0.00479711070538925,14150.142984122189,3770.973484868208,0.0,0.0,0.0,0.0,3770.973484868208
09373121,93730121121,Dietfurt a.d. Altmühl,Dietfurt a.d. Altmühl,17290.0,7.245681796802694e-05,213.72747001028438,56.95777232082476,0.0,0.0,0.0,0.0,56.95777232082476
09373146,93730146146,Mühlhausen,Mühlhausen,13157.0,5.5136746906034155e-05,162.6380753571609,43.342591696072375,0.0,0.0,0.0,0.0,43.342591696072375
09373000,093730000000,Neumarkt i.d.OPf. Landkreis,Neumarkt i.d.OPf. Landkreis,30447.0,0.0001275935648740611,376.3655453674453,100.30036401689713,0.0,0.0,0.0,0.0,100.30036401689713
09461000,94610000000,Bamberg,Bamberg,223253.0,0.0009355813754665078,2759.7049660038183,735.4536462661127,0.0,0.0,0.0,0.0,735.4536462661127
09471117,94710117117,Bischberg,Bischberg,117183.0,0.0004910761885452459,1448.53823702806,386.0313842609143,0.0,0.0,0.0,0.0,386.0313842609143
09471165,94710165165,Oberhaid,Oberhaid,147805.0,0.0006194031220222222,1827.0670158976334,486.90824394907474,0.0,0.0,0.0,0.0,486.90824394907474
09471207,94710207207,Viereth-Trunstadt,Viereth-Trunstadt,117183.0,0.0004910761885452459,1448.53823702806,386.0313842609143,0.0,0.0,0.0,0.0,386.0313842609143
09471000,094710000000,Bamberg Landkreis,Bamberg Landkreis,382171.0,0.001601555499112714,4724.143489953753,1258.9710124709034,0.0,0.0,0.0,0.0,1258.9710124709034
09474133,94740133133,Hallerndorf,Pautzfeld,14014.0,5.872815772145342e-05,173.23173885044102,46.16577335477375,0.0,0.0,0.0,0.0,46.16577335477375
09474000,094740000000,Forchheim Landkreis,Forchheim Landkreis,14014.0,5.872815772145342e-05,173.23173885044102,46.16577335477375,0.0,0.0,0.0,0.0,46.16577335477375
09562000,95620000000,Erlangen,Erlangen,18264.0,7.65385380779667e-05,225.76740961641607,60.16638251402796,0.0,0.0,0.0,0.0,60.16638251402796
09563000,95630000000,Fürth,Fürth,26631.0,0.00011160193865277766,329.1946936867486,87.72946412237619,0.0,0.0,0.0,0.0,87.72946412237619
09564000,95640000000,Nürnberg,Nürnberg,190868.0,0.0007998662771498767,2359.383154767089,628.7690044725958,0.0,0.0,0.0,0.0,628.7690044725958
09576143,95760143143,Roth,Roth,73195.0,0.00030673665651646803,904.7878639330692,241.12343233214392,0.0,0.0,0.0,0.0,241.12343233214392
09576000,095760000000,Roth Landkreis,Roth Landkreis,73195.0,0.00030673665651646803,904.7878639330692,241.12343233214392,0.0,0.0,0.0,0.0,241.12343233214392
09661000,96610000000,Aschaffenburg,Aschaffenburg,563300.0,0.0023606087658409242,6963.139609993823,1855.6572092724457,0.0,0.0,0.0,0.0,1855.6572092724457
09662000,96620000000,Schweinfurt,Schweinfurt,656581.0,0.0027515193752611395,8116.2172346340385,2162.9491676217144,0.0,0.0,0.0,0.0,2162.9491676217144
09663000,96630000000,Würzburg,Würzburg,197180.0,0.0008263178349875971,2437.407896855285,649.5623797698222,0.0,0.0,0.0,0.0,649.5623797698222
09671136,96710136136,Kleinostheim,Kleinostheim,18161.0,7.610689827167943e-05,224.49419218373478,59.8270736332272,0.0,0.0,0.0,0.0,59.8270736332272
09671000,096710000000,Aschaffenburg Landkreis,Aschaffenburg Landkreis,18161.0,7.610689827167943e-05,224.49419218373478,59.8270736332272,0.0,0.0,0.0,0.0,59.8270736332272
09674147,96740147147,Haßfurt,Haßfurt,825.0,3.4573091280290477e-06,10.198100795748099,2.71776530738464,0.0,0.0,0.0,0.0,2.71776530738464
09674195,96740195195,Sand a. Main,Sand am Main,147805.0,0.0006194031220222222,1827.0670158976334,486.90824394907474,0.0,0.0,0.0,0.0,486.90824394907474
09674221,96740221221,Zeil a. Main,Zeil am Main,69608.0,0.00029170469549557085,860.4477578065862,229.30691820173337,0.0,0.0,0.0,0.0,229.30691820173337
09674000,096740000000,Haßberge Landkreis,Haßberge Landkreis,218238.0,0.0009145651266458221,2697.7128744999677,718.9329274581928,0.0,0.0,0.0,0.0,718.9329274581928
09675117,96750117117,Dettelbach,Dettelbach,37632.0,0.0001577035843708959,465.18173229768774,123.96962914848335,0.0,0.0,0.0,0.0,123.96962914848335
09675141,96750141141,Kitzingen,Kitzingen,112103.0,0.0004697875456720489,1385.7426587948473,369.29653848938216,0.0,0.0,0.0,0.0,369.29653848938216
09675147,96755618147,Marktbreit,Marktbreit,40221.0,0.0001685532490163107,497.18522679489,132.49847082220316,0.0,0.0,0.0,0.0,132.49847082220316
09675165,96750165165,Schwarzach a. Main,Schwarzach am Main,20929.0,8.770669423093326e-05,258.7103655202569,68.94558802212501,0.0,0.0,0.0,0.0,68.94558802212501
09675174,96755619174,Volkach,Volkach,54613.0,0.00022886548292006106,675.0895500099283,179.90947482690586,0.0,0.0,0.0,0.0,179.90947482690586
09675000,096750000000,Kitzingen Landkreis,Kitzingen Landkreis,265498.0,0.0011126165562102498,3281.90953341761,874.6197013090996,0.0,0.0,0.0,0.0,874.6197013090996
09676116,96765626116,Bürgstadt,Bürgstadt,67103.0,0.0002812070477795554,829.4826153904056,221.05479445022,0.0,0.0,0.0,0.0,221.05479445022
09676117,96760117117,Collenberg,Collenberg,62850.0,0.00026338409538984926,776.909860621537,207.04430250802986,0.0,0.0,0.0,0.0,207.04430250802986
09676121,96760121121,Elsenfeld,Elsenfeld,9094.0,3.811002328520747e-05,112.41397410488874,29.958009339825352,0.0,0.0,0.0,0.0,29.958009339825352
09676122,96760122122,Erlenbach a. Main,Erlenbach am Main,875.0,3.6668430145762625e-06,10.816167510641922,2.8824783563170424,0.0,0.0,0.0,0.0,2.8824783563170424
09676145,96760145145,Obernburg a. Main,Obernburg am Main,75336.0,0.0003157088975384198,931.2534806648226,248.17644508742936,0.0,0.0,0.0,0.0,248.17644508742936
09676000,096760000000,Miltenberg Landkreis,Miltenberg Landkreis,215258.0,0.000902076907007608,2660.876098292296,709.1160297418216,0.0,0.0,0.0,0.0,709.1160297418216
09677148,96770148148,Karlstadt,Karlstadt,253902.0,0.0010640214572422196,3138.5675008994344,836.4194510006968,0.0,0.0,0.0,0.0,836.4194510006968
09677154,96770154154,Triefenstein,Triefenstein,650398.0,0.0027256084148507107,8039.787104670268,2142.580751990733,0.0,0.0,0.0,0.0,2142.580751990733
09677157,96770157157,Marktheidenfeld,Marktheidenfeld,4768.0,1.9981151421142424e-05,58.938841932275075,15.707036346193897,0.0,0.0,0.0,0.0,15.707036346193897
09677000,096770000000,Main-Spessart Landkreis,Main-Spessart Landkreis,909068.0,0.0038096110235140727,11237.293447501977,2994.707239337624,0.0,0.0,0.0,0.0,2994.707239337624
09679170,96790170170,Ochsenfurt,Ochsenfurt,83802.0,0.00035118717520859425,1035.9045368306452,276.0656585326638,0.0,0.0,0.0,0.0,276.0656585326638
09679000,096790000000,Würzburg Landkreis,Würzburg Landkreis,83802.0,0.00035118717520859425,1035.9045368306452,276.0656585326638,0.0,0.0,0.0,0.0,276.0656585326638
10041100,100410100100,Saarbrücken,Saarbrücken,80.0,3.35254218475544e-07,0.9889067438301186,0.26354087829184386,0.0,0.0,0.0,0.0,0.26354087829184386
10041519,100410519519,Völklingen,Völklingen,144960.0,0.0006074806438776857,1791.899019820175,477.53607146482113,0.0,0.0,0.0,0.0,477.53607146482113
10041000,100410000000,"Regionalverband Saarbrücken, (Regionalverband)","Regionalverband Saarbrücken, (Regionalverband)",145040.0,0.0006078158980961613,1792.887926564005,477.799612343113,0.0,0.0,0.0,0.0,477.799612343113
10042113,100420113113,Merzig,Merzig,63098.0,0.00026442338346712346,779.9754715274104,207.86127923073457,0.0,0.0,0.0,0.0,207.86127923073457
10042115,100420115115,Perl,Perl,175261.0,0.000734462369803029,2166.4598103801304,577.3554733788357,0.0,0.0,0.0,0.0,577.3554733788357
10042000,100420000000,Merzig-Wadern Landkreis,Merzig-Wadern Landkreis,238359.0,0.0009988857532701526,2946.4352819075407,785.2167526095702,0.0,0.0,0.0,0.0,785.2167526095702
10044115,100440115115,Saarlouis,Saarlouis,2913247.0,0.01220847932764029,36011.62005928577,9596.995913263492,0.0,0.0,0.0,0.0,9596.995913263492
10044000,100440000000,Saarlouis Landkreis,Saarlouis Landkreis,2913247.0,0.01220847932764029,36011.62005928577,9596.995913263492,0.0,0.0,0.0,0.0,9596.995913263492
11000000,110000000000,Berlin,Berlin,2259538.0,0.009468995578822421,27930.90457675523,7443.507863172454,0.0,0.0,0.0,0.0,7443.507863172454
12051000,120510000000,Brandenburg an der Havel,Brandenburg an der Havel,955065.0,0.004002369627104318,11805.877741201402,3146.2333615724983,0.0,0.0,0.0,0.0,3146.2333615724983
12053000,120530000000,Frankfurt (Oder),Frankfurt (Oder),75544.0,0.0003165805585064562,933.824638198781,248.86165137098817,0.0,0.0,0.0,0.0,248.86165137098817
12054000,120540000000,Potsdam,Potsdam,39883.0,0.00016713679994325153,493.0070958022078,131.3850106114201,0.0,0.0,0.0,0.0,131.3850106114201
12060052,120600052052,Eberswalde,Eberswalde,255194.0,0.0010694358128705997,3154.538344812291,840.6756361851101,0.0,0.0,0.0,0.0,840.6756361851101
12060000,120600000000,Barnim Landkreis,Barnim Landkreis,255194.0,0.0010694358128705997,3154.538344812291,840.6756361851101,0.0,0.0,0.0,0.0,840.6756361851101
12061260,120610260260,Königs Wusterhausen,Königs Wusterhausen,261809.0,0.0010971571460607964,3236.3085711927442,862.467172558867,0.0,0.0,0.0,0.0,862.467172558867
12061000,120610000000,Dahme-Spreewald Landkreis,Dahme-Spreewald Landkreis,261809.0,0.0010971571460607964,3236.3085711927442,862.467172558867,0.0,0.0,0.0,0.0,862.467172558867
12063056,120630056056,Dallgow-Döberitz,Dallgow-Döberitz,12007.0,5.031746751544821e-05,148.42254091460293,39.55419157062712,0.0,0.0,0.0,0.0,39.55419157062712
12063148,120630148148,Ketzin/Havel,Ketzin/Havel,58523.0,0.00024525103284805326,723.4223671146253,192.79003525341972,0.0,0.0,0.0,0.0,192.79003525341972
12063357,120630357357,Wustermark,Wustermark,52507.0,0.00022003991561869235,649.0565799786004,172.97176120587307,0.0,0.0,0.0,0.0,172.97176120587307
12063000,120630000000,Havelland Landkreis,Havelland Landkreis,123037.0,0.0005156084159821939,1520.9014880078287,405.31598802991994,0.0,0.0,0.0,0.0,405.31598802991994
12064428,120640428428,Rüdersdorf bei Berlin,Rüdersdorf bei Berlin,200499.0,0.0008402266943766013,2478.435165389937,660.4960319579551,0.0,0.0,0.0,0.0,660.4960319579551
12064000,120640000000,Märkisch-Oderland Landkreis,Märkisch-Oderland Landkreis,200499.0,0.0008402266943766013,2478.435165389937,660.4960319579551,0.0,0.0,0.0,0.0,660.4960319579551
12065084,120650084084,Fürstenberg/Havel,Fürstenberg/Havel,601.0,2.5185973162975245e-06,7.4291619130237665,1.9798508481674773,0.0,0.0,0.0,0.0,1.9798508481674773
12065136,120650136136,Hennigsdorf,Hennigsdorf,303739.0,0.0012728722633192908,3754.6193183027053,1000.5955353935797,0.0,0.0,0.0,0.0,1000.5955353935797
12065256,120650256256,Oranienburg,Oranienburg,4848.0,2.0316405639617968e-05,59.92774867610519,15.970577224485739,0.0,0.0,0.0,0.0,15.970577224485739
12065332,120650332332,Velten,Velten,76240.0,0.00031949727020719345,942.428126870103,251.1544570121272,0.0,0.0,0.0,0.0,251.1544570121272
12065000,120650000000,Oberhavel Landkreis,Oberhavel Landkreis,385428.0,0.0016152045364823998,4764.404355761937,1269.7004204783602,0.0,0.0,0.0,0.0,1269.7004204783602
12067120,120670120120,Eisenhüttenstadt,Eisenhüttenstadt,97032.0,0.00040662984158898734,1199.444989591551,319.64873128017746,0.0,0.0,0.0,0.0,319.64873128017746
12067144,120670144144,Fürstenwalde/Spree,Fürstenwalde/Spree,230655.0,0.0009666007720309576,2851.2035624767004,759.8377660300657,0.0,0.0,0.0,0.0,759.8377660300657
12067469,120675709469,Spreenhagen,Spreenhagen,30215.0,0.000126621327640482,373.49771581033787,99.53609546985076,0.0,0.0,0.0,0.0,99.53609546985076
12067000,120670000000,Oder-Spree Landkreis,Oder-Spree Landkreis,357902.0,0.0014998519412604268,4424.146267878589,1179.0225927800939,0.0,0.0,0.0,0.0,1179.0225927800939
12069249,120690249249,Groß Kreutz (Havel),Groß Kreutz (Havel),377805.0,0.0015832590001394113,4670.173904409225,1244.5882690381259,0.0,0.0,0.0,0.0,1244.5882690381259
12069000,120690000000,Potsdam-Mittelmark Landkreis,Potsdam-Mittelmark Landkreis,377805.0,0.0015832590001394113,4670.173904409225,1244.5882690381259,0.0,0.0,0.0,0.0,1244.5882690381259
12070424,120700424424,Wittenberge,Wittenberge,3951.0,1.655736771496093e-05,48.83963181090998,13.015625126638438,0.0,0.0,0.0,0.0,13.015625126638438
12070000,120700000000,Prignitz Landkreis,Prignitz Landkreis,3951.0,1.655736771496093e-05,48.83963181090998,13.015625126638438,0.0,0.0,0.0,0.0,13.015625126638438
12073532,120735051532,Schwedt/Oder,Schwedt/Oder,127980.0,0.0005363229360062516,1582.0035634422325,421.59952004737727,0.0,0.0,0.0,0.0,421.59952004737727
12073000,120730000000,Uckermark Landkreis,Uckermark Landkreis,127980.0,0.0005363229360062516,1582.0035634422325,421.59952004737727,0.0,0.0,0.0,0.0,421.59952004737727
13003000,130000000000,Rostock,Rostock,0.0,0.0,0.0,0.0,19590182.0,0.06654900816215154,1310884.5472376475,358658.0121242204,358658.0121242204
13071029,130710029029,Demmin,Demmin,6194.0,2.5957057865468994e-05,76.56610464104693,20.40465250174601,0.0,0.0,0.0,0.0,20.40465250174601
13071000,130710000000,Mecklenburgische Seenplatte Landkreis,Mecklenburgische Seenplatte Landkreis,6194.0,2.5957057865468994e-05,76.56610464104693,20.40465250174601,0.0,0.0,0.0,0.0,20.40465250174601
13073040,130735362040,Insel Hiddensee,Insel Hiddensee,461.0,1.9319024339653223e-06,5.698575111321058,1.5186543111567503,0.0,0.0,0.0,0.0,1.5186543111567503
13073080,131000000000,Sassnitz,Sassnitz,0.0,0.0,0.0,0.0,1623878.0,0.005516409713617684,108662.41961402791,29730.038006398037,29730.038006398037
13073088,131000000000,Stralsund,Stralsund,0.0,0.0,0.0,0.0,1340195.0,0.0045527217661313546,89679.66279155339,24536.35573976901,24536.35573976901
13073000,130730000000,Vorpommern-Rügen Landkreis,Vorpommern-Rügen Landkreis,461.0,1.9319024339653223e-06,5.698575111321058,1.5186543111567503,2964073.0,0.010069131479749038,198342.0824055813,54266.39374616704,54267.912400478206
13074087,131000000000,Wismar,Wismar,0.0,0.0,0.0,0.0,3048834.0,0.010357069615333083,204013.89725183492,55818.20228810204,55818.20228810204
13074000,130740000000,Nordwestmecklenburg Landkreis,Nordwestmecklenburg Landkreis,0.0,0.0,0.0,0.0,3048834.0,0.010357069615333083,204013.89725183492,55818.20228810204,55818.20228810204
13075005,130750005005,Anklam,Anklam,13422.0,5.62472765047344e-05,165.91382894609816,44.21557085541411,0.0,0.0,0.0,0.0,44.21557085541411
13075018,131000000000,Brünzow,Brünzow,0.0,0.0,0.0,0.0,359416.0,0.0012209574325347183,24050.45958378367,6580.205742123213,6580.205742123213
13075039,131000000000,Greifswald,Greifswald,0.0,0.0,0.0,0.0,100254.0,0.0003405687739035982,6708.534887463686,1835.4551452100645,1835.4551452100645
13075054,130755554054,Jarmen,Jarmen,4474.0,1.8749092168244797e-05,55.304609648699376,14.738523618471367,0.0,0.0,0.0,0.0,14.738523618471367
13075000,130750000000,Vorpommern-Greifswald Landkreis,Vorpommern-Greifswald Landkreis,17896.0,7.499636867297919e-05,221.21843859479753,58.954094473885476,459670.0,0.0015615262064383165,30758.99447124736,8415.660887333277,8474.614981807163
14612000,146120000000,Dresden,Dresden,27151.0,0.00011378109107286869,335.6225875216444,89.44247983127316,0.0,0.0,0.0,0.0,89.44247983127316
14627230,146270230230,Riesa,Riesa,34190.0,0.0001432792716209856,422.6340196443969,112.63078285997678,0.0,0.0,0.0,0.0,112.63078285997678
14627000,146270000000,Meißen Landkreis,Meißen Landkreis,34190.0,0.0001432792716209856,422.6340196443969,112.63078285997678,0.0,0.0,0.0,0.0,112.63078285997678
15001000,150010000000,Dessau-Roßlau,Dessau-Roßlau,10130.0,4.245156541446576e-05,125.22031643748878,33.370863713704736,0.0,0.0,0.0,0.0,33.370863713704736
15003000,150030000000,Magdeburg,Magdeburg,2510835.0,0.010522100320575531,31037.270801808696,8271.345764323773,0.0,0.0,0.0,0.0,8271.345764323773
15082005,150820005005,Aken (Elbe),Aken (Elbe),81393.0,0.0003410918325547494,1006.1260825070605,268.12978383510057,0.0,0.0,0.0,0.0,268.12978383510057
15082000,150820000000,Anhalt-Bitterfeld Landkreis,Anhalt-Bitterfeld Landkreis,81393.0,0.0003410918325547494,1006.1260825070605,268.12978383510057,0.0,0.0,0.0,0.0,268.12978383510057
15083115,150835052115,Bülstringen,Bülstringen,1212523.0,0.0050812931343577755,14988.402146864086,3994.3672046132674,0.0,0.0,0.0,0.0,3994.3672046132674
15083270,150830270270,Haldensleben,Haldensleben,1096809.0,0.004596373051399287,13558.022709919607,3613.1750897299876,0.0,0.0,0.0,0.0,3613.1750897299876
15083390,150830390390,Niedere Börde,Niedere Börde,746742.0,0.0031293550701608085,9230.72749626488,2459.963031717601,0.0,0.0,0.0,0.0,2459.963031717601
15083440,150835051440,Rogätz,Rogätz,67276.0,0.00028193203502700873,831.6211262239383,221.6247015995261,0.0,0.0,0.0,0.0,221.6247015995261
15083000,150830000000,Börde Landkreis,Börde Landkreis,3123350.0,0.01308895329094488,38608.77347927251,10289.130027660383,0.0,0.0,0.0,0.0,10289.130027660383
15086015,150860015015,Burg,"Burg, bei Magdeburg",12415.0,5.2027264029673486e-05,153.46596530813653,40.89825004991552,0.0,0.0,0.0,0.0,40.89825004991552
15086035,150860035035,Elbe-Parey,Elbe-Parey,207240.0,0.0008684760529608967,2561.762919891922,682.7026452150216,0.0,0.0,0.0,0.0,682.7026452150216
15086040,150860040040,Genthin,Genthin,1812.0,7.593508048471072e-06,22.398737747752186,5.969200893310264,0.0,0.0,0.0,0.0,5.969200893310264
15086000,150860000000,Jerichower Land Landkreis,Jerichower Land Landkreis,221467.0,0.0009280968250390413,2737.627622947811,729.5700961582473,0.0,0.0,0.0,0.0,729.5700961582473
15089026,150890026026,Barby,Barby,14757.0,6.184183127554504e-05,182.41621023376328,48.61340926190926,0.0,0.0,0.0,0.0,48.61340926190926
15089235,150890235235,Nienburg (Saale),Nienburg (Saale),4951.0,2.074804544590523e-05,61.20096610878647,16.309886105286488,0.0,0.0,0.0,0.0,16.309886105286488
15089000,150890000000,Salzlandkreis Landkreis,Salzlandkreis Landkreis,19708.0,8.258987672145027e-05,243.61717634254975,64.92329536719575,0.0,0.0,0.0,0.0,64.92329536719575
15090010,150905051010,Arneburg,Arneburg,719.0,3.013097288548952e-06,8.887799360173192,2.368573643647947,0.0,0.0,0.0,0.0,2.368573643647947
15090000,150900000000,Stendal Landkreis,Stendal Landkreis,719.0,3.013097288548952e-06,8.887799360173192,2.368573643647947,0.0,0.0,0.0,0.0,2.368573643647947
15091375,150910375375,Wittenberg,Wittenberg,3617.0,1.5157681352825533e-05,44.71094615541924,11.915341959769991,0.0,0.0,0.0,0.0,11.915341959769991
15091000,150910000000,Wittenberg Landkreis,Wittenberg Landkreis,3617.0,1.5157681352825533e-05,44.71094615541924,11.915341959769991,0.0,0.0,0.0,0.0,11.915341959769991
01000000,010000000000,Schleswig-Holstein,Schleswig-Holstein,5023888.0,0.021053495564358295,62101.959043090086,16549.998199498186,37256485.0,0.12656248545103235,2493031.992805948,682093.5532317074,698643.5514312055
02000000,020000000000,Hamburg,Hamburg,9794213.0,0.041044390311225164,121069.54107760772,32264.693702467437,117600637.0,0.399496326863488,7869291.759954244,2153038.225523481,2185302.9192259484
03000000,030000000000,Niedersachsen,Niedersachsen,24969711.0,0.10464001183581494,308658.9449923636,82256.74459541893,49424359.0,0.16789747387237683,3307249.951543377,904863.5867422684,987120.3313376871
04000000,040000000000,Bremen,Bremen,5161470.0,0.021630057387937076,63802.65613846052,17003.229213462542,63794643.0,0.21671417946543542,4268843.0207152935,1167955.4504677043,1184958.6796811668
05000000,050000000000,Nordrhein-Westfalen,Nordrhein-Westfalen,115290334.0,0.4831446352869303,1425142.359887835,379796.4485115003,5792.0,1.9675766936477755e-05,387.573902968357,106.04021985214249,379902.48873135244
06000000,060000000000,Hessen,Hessen,10224553.0,0.04284780656595973,126389.11767935588,33682.34597201884,0.0,0.0,0.0,0.0,33682.34597201884
07000000,070000000000,Rheinland-Pfalz,Rheinland-Pfalz,20081016.0,0.08415306656593617,248228.1518170064,66152.10742040712,0.0,0.0,0.0,0.0,66152.10742040712
08000000,080000000000,Baden-Württemberg,Baden-Württemberg,26828301.0,0.11242876355977069,331633.59730505385,88379.42510772441,0.0,0.0,0.0,0.0,88379.42510772441
09000000,090000000000,Bayern,Bayern,6472117.0,0.02712255658396603,80004.00185196943,21320.842482344673,0.0,0.0,0.0,0.0,21320.842482344673
10000000,100000000000,Saarland,Saarland,3296646.0,0.013815180979006603,40750.94326775732,10860.012278216174,0.0,0.0,0.0,0.0,10860.012278216174
12000000,120000000000,Brandenburg,Brandenburg,3164097.0,0.013259710836447669,39112.46076790808,10423.361279757353,0.0,0.0,0.0,0.0,10423.361279757353
13000000,130000000000,Mecklenburg-Vorpommern,Mecklenburg-Vorpommern,26443.0,0.00011081409123936012,326.87076283874785,87.11014305839034,26290345.0,0.08930985858073087,1759228.5259037693,481324.92468727124,481412.03483032965
14000000,140000000000,Sachsen,Sachsen,61341.0,0.0002570603626938543,758.2566071660412,202.07326269124994,0.0,0.0,0.0,0.0,202.07326269124994
01002000,01002000,Kiel,Kiel,508856.0,0.0021324515074573926,6290.139125480235,1676.3044645509312,4285037.0,0.014556524400238921,286734.89545128105,78450.6673954705,80126.97186002144
01003000,01003000,Lübeck,Lübeck,410674.0,0.0017210023864778195,5076.478601446127,1352.8673331453087,16450986.0,0.05588497348260677,1100824.0420748964,301185.4579116917,302538.325244837
01051011,01051011,Brunsbüttel,Brunsbüttel,3360193.0,0.01408148597677492,41536.46897838447,11069.352680626322,9295713.0,0.03157808744758053,622026.2030876545,170186.36916478229,181255.7218454086
01056050,01056050,Wedel,Wedel,26492.0,0.0001110194344481764,327.47646821934376,87.2715618463441,33000.0,0.00011210295388531869,2208.2076653929184,604.1656172515025,691.4371790978465
01058135,01058135,Rendsburg,Rendsburg,238445.0,0.0009992461515550136,2947.4983566571577,785.5000590537338,306063.0,0.0010397141325758272,20480.32311191372,5603.416403419594,6388.916462473328
01061029,01061029,Glückstadt,Glückstadt,1418.0,5.9423810224790175e-06,17.528372034388852,4.671262067722933,48298.0,0.00016407116565918554,3231.879206762035,884.2421509700929,888.9134130378159
02000000,02000000,Hamburg,Hamburg,9794213.0,0.041044390311225164,121069.54107760772,32264.693702467437,117600637.0,0.399496326863488,7869291.759954244,2153038.225523481,2185302.9192259484
03352011,03352011,Cuxhaven,Cuxhaven,48373.0,0.00020271565387896862,597.9548239911791,159.35328632014205,2723335.34,0.009251331394978142,182233.02949161906,49858.95686890698,50018.31015522712
03352000,033520000000,Cuxhaven Landkreis,Cuxhaven Landkreis,48373.0,0.00020271565387896862,597.9548239911791,159.35328632014205,2723335.34,0.009251331394978142,182233.02949161906,49858.95686890698,50018.31015522712
03359013,03359013,Drochtersen,Drochtersen,721.0,3.02147864401084e-06,8.912522028768944,2.375162165605243,260.0,8.832353942479655e-07,17.397999787944205,4.760092741981534,7.135254907586777
03359038,03359038,Stade,Stade,721646.0,0.0030241858218250303,8920.507450725372,2377.2902581974495,5650296.0,0.01919439005837578,378091.72542239225,103445.89607556652,105823.18633376397
03402000,03402000,Emden,Emden,1566355.0,0.006564089017253259,19362.23778415032,5159.982155210264,4774213.0,0.016218284235687545,319468.29523692484,87406.52557682263,92566.5077320329
03403000,03403000,Oldenburg (Oldb),Oldenburg,935258.0,0.003919364873287504,11561.036792763362,3080.983934368416,80465.0,0.0002733443692237021,5384.346357449732,1473.1571633982467,4554.141097766663
03454008,03454008,Dörpen,Dörpen,1806372.0,0.007569922914201317,22329.168158323737,5950.6607925224325,49.0,1.6645590122365503e-07,3.2788538061894847,0.8970944013734431,5951.557886923806
03454041,03454041,Papenburg,Papenburg,173303.0,0.00072625702280584,2142.256317824888,570.9053103826427,441483.0,0.0014997438906106714,29542.004386080658,8082.6924000316685,8653.597710414311
03457013,03457013,Leer (Ostfriesland),Leer (Ostfriesland),336659.0,0.0014108293742219771,4161.554443388799,1109.0426068106733,47542.0,0.00016150298889744914,3181.2911766093976,870.4012659203312,1979.4438727310044
03461002,03461002,Brake (Unterweser),Brake (Unterweser),1037693.0,0.004348636946656784,12827.270071566341,3418.4315577162292,6256353.0,0.02125320157119016,418646.2621819388,114541.61733297847,117960.0488906947
03461007,03461007,Nordenham,Nordenham,1290896.0,0.0054097291201650735,15957.19699979156,4252.548320292851,2516012.0,0.008547041733663894,168359.90862486567,46063.27099976325,50315.8193200561
04011000,04011000,Bremen,Bremen,3710065.0,0.015547686775855864,45861.35373185111,12221.922357747872,12233307.0,0.04155726819654383,818596.4330456012,223967.98408127652,236189.9064390244
04012000,04012000,Bremerhaven,Bremerhaven,1451405.0,0.006082370612081211,17941.302406609415,4781.306855714671,51561336.0,0.1751569112688916,3450246.587669692,943987.4663864278,948768.7732421424
05170032,05170032,Rheinberg,Rheinberg,1884778.6666666667,0.00789849998615889,23298.379176172573,6208.952814988297,5777.0,1.9624811048348064e-05,386.5701722113602,105.76559911702816,6314.718414105326
05770024,05770024,Minden,Minden,1095027.0,0.004588905263682744,13535.99481220079,3607.3047166660363,15.0,5.095588812969032e-08,1.003730756996781,0.2746207351143193,3607.5793374011505
13075083,13075083,Lubmin,Lubmin,325.0,1.3619702625568974e-06,4.017433646809857,1.0706348180606158,1651.0,5.608544753474581e-06,110.47729865344569,30.22658891158274,31.297223729643356
13075136,13075136,Ueckermünde,Ueckermünde,807.0,3.38187692887205e-06,9.97559677838632,2.658468609768975,51536.0,0.00017507084337678135,3448.5512195057404,943.5236136567706,946.1820822665396
13075144,13075144,Wolgast,Wolgast,760.0,3.184915075517668e-06,9.394614066386126,2.5036383437725167,174399.0,0.0005924437289286575,11669.976019298774,3192.9054388801446,3195.409077223917